,id,text,date,retweets,favorites,mentions,hashtags,geo,region
0,1300203007477510144,"Word, Nolan was showing out before he even became as big as he is",2020-08-30 22:45:28+00:00,0,1,,,,Del Rio
1,1300202094746578947,Most underrated Nolan movie,2020-08-30 22:41:50+00:00,0,0,,,,Del Rio
2,1300201161484632065,#NW #Insomnia,2020-08-30 22:38:08+00:00,0,1,,#NW #Insomnia,,Del Rio
3,1300199029129834498,i’ve watched avatar the last airbender like 20 times alr pls help,2020-08-30 22:29:39+00:00,0,2,,,,Del Rio
4,1300197300363554818,,2020-08-30 22:22:47+00:00,0,1,,,,Del Rio
5,1300169515616145410,Wake up!!! Stop the violence and stop referring to people who hurt people & burn down buildings as “peaceful protesters” when they’re lawless thugs!!!,2020-08-30 20:32:23+00:00,0,0,,,,Del Rio
6,1300168785899458561,@tedwheeler instead of putting down the president open your eyes to whats going on in your town and stop these “peaceful protesters” from hurting people and burning down businesses because you are a do-nothing moron!!!,2020-08-30 20:29:29+00:00,0,0,@tedwheeler,,,Del Rio
7,1300118799778295808,"#intrestingfacts @alinaesthres solo se ha puesto esa camisa 3 veces desde que la compro hace uhhhh... por que BUFFY rules dice. en Acuña, Coahuila De Zaragoza, Mexico https://www.instagram.com/p/CEhXcNQh8y2/?igshid=jcquqmi9owpy",2020-08-30 17:10:51+00:00,0,0,@alinaesthres,#intrestingfacts,,Del Rio
8,1300112545446072323, ,2020-08-30 16:46:00+00:00,0,1,,,,Del Rio
9,1300103327213125633,,2020-08-30 16:09:22+00:00,0,0,,,,Del Rio
10,1300092247443202048,Nadie dice Olé... ,2020-08-30 15:25:20+00:00,1,2,,,,Del Rio
11,1300091732147802112,g o a t like Kobe b,2020-08-30 15:23:18+00:00,0,4,,,,Del Rio
12,1300091555701764098,,2020-08-30 15:22:36+00:00,0,0,,,,Del Rio
13,1300091532704444421,$45 pesos la leche LALA... ,2020-08-30 15:22:30+00:00,0,1,,,,Del Rio
14,1300051946510979072,@business,2020-08-30 12:45:12+00:00,0,0,@business,,,Del Rio
15,1300049361930530816,#stayhome,2020-08-30 12:34:56+00:00,0,0,,#stayhome #stayhome,,Del Rio
16,1300048700891373568,@MzMarxRE,2020-08-30 12:32:18+00:00,0,0,@MzMarxRE,,,Del Rio
17,1300015357562847232,#party,2020-08-30 10:19:49+00:00,0,0,,#party,,Del Rio
18,1300014743600726016, – at Ramada Del Rio,2020-08-30 10:17:22+00:00,0,0,,,,Del Rio
19,1299957389173686272,Imy,2020-08-30 06:29:28+00:00,0,1,,,,Del Rio
20,1299936535517827074,2011,2020-08-30 05:06:36+00:00,0,2,,,,Del Rio
21,1299933412950765568,#NW #Memento,2020-08-30 04:54:11+00:00,0,0,,#NW #Memento,,Del Rio
22,1299920428786421765,I think you were really concentrated on those museums lol,2020-08-30 04:02:36+00:00,0,0,,,,Del Rio
23,1299918177279803393,& zoo’s ,2020-08-30 03:53:39+00:00,0,0,,,,Del Rio
24,1299911709872840706,How sad!,2020-08-30 03:27:57+00:00,0,0,,,,Del Rio
25,1299905012324278275,all of them,2020-08-30 03:01:20+00:00,0,3,,,,Del Rio
26,1299884941212356608,Go spurs go,2020-08-30 01:41:35+00:00,0,5,,,,Del Rio
27,1299884918189838341,Fuck the lakers,2020-08-30 01:41:29+00:00,0,1,,,,Del Rio
28,1299862214317412354,Yes she does ,2020-08-30 00:11:16+00:00,0,2,,,,Del Rio
0,1300578340974342144,"What you do for her, she does for other guys. Leave her on seen king",2020-08-31 23:36:54+00:00,0,1,,,,Del Rio
1,1300571063261294592,#NW #ThePrestige,2020-08-31 23:07:59+00:00,0,0,,#NW #ThePrestige,,Del Rio
2,1300560487185350657,On the real ... I wouldn’t hate Maya Hawke and Zendaya fighting for two plus hours in Kill Bill 3 ,2020-08-31 22:25:58+00:00,1,2,,,,Del Rio
3,1300548950441820164,no life on god,2020-08-31 21:40:07+00:00,0,2,,,,Del Rio
4,1300547493906784256,@50cent what movie is that on the Curtis intro?,2020-08-31 21:34:20+00:00,0,0,@50cent,,,Del Rio
5,1300531316606279682,No tengo el arroba pero ya me bloqueo en insta por lo mismo... los 70mil seguidores rusos están bien chistosos,2020-08-31 20:30:03+00:00,0,0,,,,Del Rio
6,1300526783394123780,That looks like my gameplay ,2020-08-31 20:12:02+00:00,0,1,,,,Del Rio
7,1300525298530897923,Cc: de los Santos ,2020-08-31 20:06:08+00:00,0,0,,,,Del Rio
8,1300505930690367488,Dude...,2020-08-31 18:49:10+00:00,0,1,,,,Del Rio
9,1300484333711642627, ,2020-08-31 17:23:21+00:00,1,1,,,,Del Rio
10,1300484294197096448,Walk in the park with drizzy,2020-08-31 17:23:12+00:00,1,1,,,,Del Rio
11,1300484022863302658,Y si ponemos la de AMLO ? ,2020-08-31 17:22:07+00:00,1,2,,,,Del Rio
12,1300483664845959170,Feliz día para todos ,2020-08-31 17:20:42+00:00,0,0,,,,Del Rio
13,1300483657937948672,Scott Huffman would not have voted with Tedd Budd against the Heroes Act! Scott cares about the people of NC!,2020-08-31 17:20:40+00:00,1,4,,,,Del Rio
14,1300483523095207936,"Gracias,que tenga un lindo día ,ya me voy ,hasta pronto ,",2020-08-31 17:20:08+00:00,0,1,,,,Del Rio
15,1300483236687216642,Cómo se llama la clase de hoy ? ,2020-08-31 17:19:00+00:00,0,1,,,,Del Rio
16,1300482907996327946,Saludos feliz día ,2020-08-31 17:17:41+00:00,1,1,,,,Del Rio
17,1300482659982991361,"Naaa no es para tanto ,feliz día ",2020-08-31 17:16:42+00:00,0,1,,,,Del Rio
18,1300482511383003136,"No creo ...están medido locos pero ,borregos de la Gilbertona,ni creo ",2020-08-31 17:16:07+00:00,0,2,,,,Del Rio
19,1300482221682327552,Ya estaba pensando en ir por el chilito y la sal limoncito,2020-08-31 17:14:58+00:00,0,0,,,,Del Rio
20,1300482080497860610,I wanna build a pc so bad.,2020-08-31 17:14:24+00:00,0,0,,,,Del Rio
21,1300481929138122762,Y ahora que hice ?,2020-08-31 17:13:48+00:00,0,0,,,,Del Rio
22,1300481557719900162,"Enserio ?? Es una. Bromita ,para que te rías un poquito ",2020-08-31 17:12:19+00:00,0,1,,,,Del Rio
23,1300481385468227591,Y el gato dónde lo dejaste Hans ?,2020-08-31 17:11:38+00:00,0,0,,,,Del Rio
24,1300481162574532613,Pero no me alcanzaste naaa saludos,2020-08-31 17:10:45+00:00,0,1,,,,Del Rio
25,1300480071975735301,Hij o esuuu ,2020-08-31 17:06:25+00:00,0,1,,,,Del Rio
26,1300479877146202114,"Y ahora que hizo el Chapu ?parece jardinero ,siempre la está regando ",2020-08-31 17:05:39+00:00,0,0,,,,Del Rio
27,1300479641178775552,Creo que yo,2020-08-31 17:04:42+00:00,0,1,,,,Del Rio
28,1300479156824739848,Dónde quiera que estés ...que siempre seas feliz,2020-08-31 17:02:47+00:00,0,0,,,,Del Rio
29,1300478432485289984,"Jelipillo el bolonchaco ,carnicero ,rata hocicona ",2020-08-31 16:59:54+00:00,0,1,,,,Del Rio
30,1300478267636494337,,2020-08-31 16:59:15+00:00,0,1,,,,Del Rio
31,1300478062887395335,Ya que se acabe este año ....pero que nos devuelvan a ....todos los que ...mejor no digo nada ..no es bueno estar triste feliz día mejor ,2020-08-31 16:58:26+00:00,0,1,,,,Del Rio
32,1300477614059126784,Ahí les hablan a los chayogansters,2020-08-31 16:56:39+00:00,1,2,,,,Del Rio
33,1300477386010562560,Buenos días ,2020-08-31 16:55:45+00:00,0,0,,,,Del Rio
34,1300477306297819143,Happy New year ,2020-08-31 16:55:26+00:00,0,1,,,,Del Rio
35,1300477066471759879,Desde ...Texas pero estyo por todo estados unidos ,2020-08-31 16:54:28+00:00,0,2,,,,Del Rio
36,1300476460629733378,En San Antonio Texas ,2020-08-31 16:52:04+00:00,0,0,,,,Del Rio
37,1300460456058945545,"The @NFL didn’t allow the Cowboys to honor the fallen members of the Dallas Police department with a decal on the helmet. But now they’re allowing rapists, drug users and criminals names on helmets. What about officers killed by BLM looters? Why do they honor criminals?",2020-08-31 15:48:28+00:00,0,1,@NFL,,,Del Rio
38,1300420373717168130,Rewatching #Entourage,2020-08-31 13:09:12+00:00,4,91,,#Entourage,,Del Rio
39,1300416536503562240,Beautiful morning!,2020-08-31 12:53:57+00:00,2,9,,,,Del Rio
40,1300393543261970435,"Me, roo!",2020-08-31 11:22:35+00:00,0,3,,,,Del Rio
41,1300393470859841537,Following them all now! #greatwomen,2020-08-31 11:22:18+00:00,0,3,,#greatwomen,,Del Rio
42,1300389570916298752, ,2020-08-31 11:06:48+00:00,0,0,,,,Del Rio
43,1300337059928956929,"I’ve been playing video games with Juan literally all day and this fool still isn’t tired?!?!?!?! Like broooo, my eyes are hella red!!!!!!!!!!!!",2020-08-31 07:38:08+00:00,0,1,,,,Del Rio
44,1300301920616103936,Buenas noches a todas las muchachas hermosas de mi twitter y las feitas tambien ,2020-08-31 05:18:30+00:00,0,7,,,,Del Rio
45,1300295691990953985,Heart this for a tbh,2020-08-31 04:53:45+00:00,0,7,,,,Del Rio
46,1300294783160774657,I miss you so much @ascolorblind,2020-08-31 04:50:09+00:00,1,12,@ascolorblind,,,Del Rio
47,1300294570828271617,Love you forever and ever sweet boy. #justiceforasante,2020-08-31 04:49:18+00:00,3,11,,#justiceforasante,,Del Rio
48,1300275681021112320, ,2020-08-31 03:34:14+00:00,0,1,,,,Del Rio
49,1300251896930881536," the jury’s still out on all that, after it comes out I’m gonna run through all the direct to dvd spin offs and see what’s up",2020-08-31 01:59:44+00:00,0,1,,,,Del Rio
50,1300248605207523330,Is Eugene alevy really not in that new American Pie? ,2020-08-31 01:46:39+00:00,0,0,,,,Del Rio
51,1300244138030440449,“Página donde amamos a Carlos Bremer”,2020-08-31 01:28:54+00:00,0,0,,,,Del Rio
52,1300234043452129280,Vive tu vida y no te metas en la mía. en Del Rio Tx. EE UU https://www.instagram.com/p/CEiL2QPnHYb/?igshid=19ks7tcpjm2kx,2020-08-31 00:48:47+00:00,0,0,,,,Del Rio
0,1300945647919661056,Thank you for supporting the Astros by going to their team store ,2020-09-01 23:56:27+00:00,0,1,,,,Del Rio
1,1300928711072591872,GO VOTE.,2020-09-01 22:49:09+00:00,0,0,,,,Del Rio
2,1300927592225267713,of you,2020-09-01 22:44:42+00:00,0,1,,,,Del Rio
3,1300924791780782080,@Activision fix your Shitty ass servers. It’s so dumb how y’all ask for so much space for a game with the worst servers ever. It kicks people more than any game out here. Instead of making stupid updates y’all should be fixing y’alls lag n wack server’s ,2020-09-01 22:33:35+00:00,0,0,@Activision,,,Del Rio
4,1300922822047535106,#NW #Inception,2020-09-01 22:25:45+00:00,0,1,,#NW #Inception #Inception,,Del Rio
5,1300884822269874176,both honey both,2020-09-01 19:54:45+00:00,0,0,,,,Del Rio
6,1300869933627301891,"En el Cuate Dojo! Jeje esta dificil esto asi que mis respetos para el señor joel_speedrock regresaré por unas clasesillas en Acuña, Coahuila https://www.instagram.com/p/CEmsoKFBOWl/?igshid=l7v5z9ud11al",2020-09-01 18:55:35+00:00,0,0,,,,Del Rio
7,1300858197541031936,"El día de hoy, en nuestra segunda sesión informativa con motivo de la 12va Semana de los Derechos Laborales, Imelda Avila-Thomas del @USDOL nos brindó información vital sobre la Licencia Laboral Pagada Bajo la Ley Familias Primero de Respuesta al Coronavirus #DerechosLaborales",2020-09-01 18:08:57+00:00,1,3,@USDOL,#DerechosLaborales,,Del Rio
8,1300825582129774592,always ((;,2020-09-01 15:59:21+00:00,0,0,,,,Del Rio
9,1300788210013032448,Valoro mucho los memes de dinosaurios ,2020-09-01 13:30:51+00:00,0,1,,,,Del Rio
10,1300786997573885954,Rewatching #HowToMakeItInAmerica: Season 1,2020-09-01 13:26:02+00:00,0,2,,#HowToMakeItInAmerica,,Del Rio
11,1300749242609397761,be different,2020-09-01 10:56:00+00:00,0,0,,,,Del Rio
12,1300665852942069760,21 in 8 mf days !!!!,2020-09-01 05:24:39+00:00,0,10,,,,Del Rio
13,1300663128410255360,Close your eyes,2020-09-01 05:13:49+00:00,0,1,,,,Del Rio
14,1300662660837584896,I know you like that,2020-09-01 05:11:58+00:00,0,1,,,,Del Rio
15,1300662401122152454,Niña mocosa,2020-09-01 05:10:56+00:00,0,1,,,,Del Rio
16,1300662364564582402,Nadie me manda,2020-09-01 05:10:47+00:00,0,1,,,,Del Rio
17,1300662174826856449,Whats gts,2020-09-01 05:10:02+00:00,0,0,,,,Del Rio
18,1300658831505195014,El pedo es con quien ,2020-09-01 04:56:45+00:00,0,0,,,,Del Rio
19,1300658764866097153,Si tu Quieres Ser Mi Novia Pa' que veas que esto es enserio mis vicios los dejo pa' no discutir Te estoy hablando derecho cambiaste mi mundo Por favor dime que si..,2020-09-01 04:56:29+00:00,0,2,,,,Del Rio
20,1300653968595525633,Dammit next time I NEED to be there!!! Haha,2020-09-01 04:37:25+00:00,0,3,,,,Del Rio
21,1300650592822530049,Y si,2020-09-01 04:24:00+00:00,0,1,,,,Del Rio
22,1300646107765243906,i really had the audacity to cut 4 inches of my hair. like what was i thinking ?,2020-09-01 04:06:11+00:00,0,3,,,,Del Rio
23,1300612954199674880,Kelly dying her hair blue made me wanna dye my hair a vibrant color too... should I do it? Fuck it? Yeah? Lmaoooo,2020-09-01 01:54:27+00:00,0,0,,,,Del Rio
24,1300600044358381570,it’s the leaving me on seen for me,2020-09-01 01:03:09+00:00,0,1,,,,Del Rio
25,1300599047779160066,Dammit why am I just seeing this now!?!?!? Lol i missed out on the photo op and day with the boiis lol ,2020-09-01 00:59:11+00:00,0,1,,,,Del Rio
0,1302395990771675137,"Geez, thanks for exposing me ",2020-09-05 23:59:36+00:00,0,1,,,,Del Rio
1,1302395988628385797,I remember my doubles partner (W3ro) did one of these in a tournament and when they returned it I hit it out and we lost the match ,2020-09-05 23:59:35+00:00,0,4,,,,Del Rio
2,1302395797456252928,Great work! How are u doing it?,2020-09-05 23:58:50+00:00,0,0,,,,Del Rio
3,1302395454152478721,,2020-09-05 23:57:28+00:00,0,0,,,,Del Rio
4,1302395450222313473,This historical goody: | 19 Things You'll Only Find Funny If You're A Grammar Nerd,2020-09-05 23:57:27+00:00,0,0,,,,Del Rio
5,1302395445864542208,,2020-09-05 23:57:26+00:00,0,0,,,,Del Rio
6,1302395440047022080,"Bizarro Comic Strip for August 28, 2014 | Comics Kingdom",2020-09-05 23:57:24+00:00,0,0,,,,Del Rio
7,1302395435169058816,@Christina &amp; Mader: Lol RT @George Karabelas Takei: The Wicked Witch of the Vest.,2020-09-05 23:57:23+00:00,0,0,@Christina @George,,,Del Rio
8,1302395075591274496,omg wow!!,2020-09-05 23:55:58+00:00,0,1,,,,Del Rio
9,1302394280024080384,"Aww! I'd never be mean tya like that! Happy Birthday, bunners! ",2020-09-05 23:52:48+00:00,0,1,,,,Del Rio
10,1302394007159414786,No se que vergas estoy haciendo but here we go.,2020-09-05 23:51:43+00:00,0,1,,,,Del Rio
11,1302393943221587970,@/love sising sisi na siya replyan mo na daw hehe. @/a,2020-09-05 23:51:28+00:00,0,0,,,,Del Rio
12,1302393798337667072,Can’t relate.,2020-09-05 23:50:53+00:00,0,0,,,,Del Rio
13,1302392955450392579,@gabosalazar21 ,2020-09-05 23:47:32+00:00,0,0,@gabosalazar21,,,Del Rio
14,1302392491870769155,Pero yaaaaaa!,2020-09-05 23:45:42+00:00,0,0,,,,Del Rio
15,1302390509479047169,Natatawa talaga ako kaya honey kagabi HAHAHAHAHHA pero nalungkot ako kala ko nagalit eh. ,2020-09-05 23:37:49+00:00,0,0,,,,Del Rio
16,1302390403837165574,LMAOOOOOO,2020-09-05 23:37:24+00:00,0,5,,,,Del Rio
17,1302389983337164800,si #KCAMexico #EmilioOsorio #JuntosElCorazonNuncaSeEquivoca,2020-09-05 23:35:43+00:00,0,0,,#KCAMexico #EmilioOsorio #JuntosElCorazonNuncaSeEquivoca,,Del Rio
18,1302389794681630727,estoy ciega #KCAMexico #EmilioOsorio #JuntosElCorazonNuncaSeEquivoca,2020-09-05 23:34:58+00:00,0,0,,#KCAMexico #EmilioOsorio #JuntosElCorazonNuncaSeEquivoca,,Del Rio
19,1302389532776685570,THE BULLETS? #KCAMexico #EmilioOsorio #JuntosElCorazonNuncaSeEquivoca,2020-09-05 23:33:56+00:00,0,0,,#KCAMexico #EmilioOsorio #JuntosElCorazonNuncaSeEquivoca,,Del Rio
20,1302389287376359425,@LuceroMexico te amo muchísimo:(,2020-09-05 23:32:57+00:00,0,0,@LuceroMexico,,,Del Rio
21,1302389083898028037,quiero #KCAMexico #EmilioOsorio #JuntosElCorazonNuncaSeEquivoca,2020-09-05 23:32:09+00:00,0,0,,#KCAMexico #EmilioOsorio #JuntosElCorazonNuncaSeEquivoca,,Del Rio
22,1302388244374523905,Found this in an antique store in the middle of west Texas ,2020-09-05 23:28:49+00:00,17,563,,,,Del Rio
23,1302388207456260096,Pizza & miches kind of night ,2020-09-05 23:28:40+00:00,0,0,,,,Del Rio
24,1302387611235909632,*hugs bunches* X3,2020-09-05 23:26:18+00:00,0,0,,,,Del Rio
25,1302386743677792262,*hugs* ,2020-09-05 23:22:51+00:00,0,2,,,,Del Rio
26,1302386610491793409,Dang! From the 90s to the 30s in one day. ,2020-09-05 23:22:19+00:00,0,1,,,,Del Rio
27,1302386343738314752,Ooh! A baker pup would be fun to see! X3,2020-09-05 23:21:16+00:00,0,0,,,,Del Rio
28,1302386329670557696,Bro you still in 2013? I’m on 2030 with a vision & making moves we built different!!,2020-09-05 23:21:12+00:00,0,1,,,,Del Rio
29,1302385534120198145,*hugs m brotha' from anotha' motha'* ,2020-09-05 23:18:03+00:00,0,1,,,,Del Rio
30,1302385322450472960,"King Josiah with Elmo! #ElmoIsHisNewFriend! @Del Rio, Texas https://www.instagram.com/p/CExeIwJB2K5nHYVj-OE9NArIdWJOykPH-tWZdk0/?igshid=1xxeqs62dchki",2020-09-05 23:17:12+00:00,0,0,,#ElmoIsHisNewFriend,,Del Rio
31,1302383458501656581,"No pierdo discusiones. Mi don, mi maldición.",2020-09-05 23:09:48+00:00,58,1035,,,,Del Rio
32,1302382823274418176,Saturday vibes.,2020-09-05 23:07:16+00:00,0,3,,,,Del Rio
33,1302381802129182721,No se pierde nada intentando y suerte a las ganadoras ,2020-09-05 23:03:13+00:00,0,0,,,,Del Rio
34,1302381039860568064,Puedo asegurar que Diana es mi alma gemela,2020-09-05 23:00:11+00:00,1,6,,,,Del Rio
35,1302380676465922048,dile que yo te enseñé qué era el amor y que nunca va a quitar de ti mi olor,2020-09-05 22:58:44+00:00,0,1,,,,Del Rio
36,1302380382155952129,dnd dummy,2020-09-05 22:57:34+00:00,0,1,,,,Del Rio
37,1302379582880972801,Ion be giving not a one fuck and that is truly my problem ,2020-09-05 22:54:24+00:00,0,1,,,,Del Rio
38,1302379010119196673,I hope you try different donuts,2020-09-05 22:52:07+00:00,0,0,,,,Del Rio
39,1302378949826154497,"La neta si esta horrible banorte perdí mi cartera en abril, y por no tener ine, me piden que vaya a mi sucursal de origen en La CDMX y yo ahora vivo en coahuila, los odio!!",2020-09-05 22:51:53+00:00,0,1,,,,Del Rio
40,1302378333020151808,I hope you all do something out of your comfort zone,2020-09-05 22:49:26+00:00,2,5,,,,Del Rio
41,1302378091768090624,@cookieekawaii I’m fuckin with it .. new fan here ,2020-09-05 22:48:28+00:00,1,1,@cookieekawaii,,,Del Rio
42,1302377038058328064, ,2020-09-05 22:44:17+00:00,0,0,,,,Del Rio
43,1302377001773301760,Seat 4,2020-09-05 22:44:08+00:00,0,1,,,,Del Rio
44,1302376814925484032,My ★★★★ review of Mulan on @letterboxd:,2020-09-05 22:43:24+00:00,0,0,@letterboxd,,,Del Rio
45,1302376481264480256,Thank you! Enjoying time with my family.,2020-09-05 22:42:04+00:00,0,1,,,,Del Rio
46,1302374687138181120,jajajajajajajaja tas bárbaro,2020-09-05 22:34:57+00:00,0,1,,,,Del Rio
47,1302374249533812737,X5,2020-09-05 22:33:12+00:00,0,1,,,,Del Rio
48,1302373842506129414,"What’s done is done week two doesn’t matter, only thing that does is the win. D’hanis is all I’m focused on now.",2020-09-05 22:31:35+00:00,1,13,,,,Del Rio
49,1302373766723440640,How long has Good Ol JR been with AEW? Just doesn’t look right ... I’m sure Vince copyrighted the phrase “slobberknocker” ,2020-09-05 22:31:17+00:00,0,0,,,,Del Rio
50,1302373698150838275,"Happy birthday to him, I remember how little he was and his voice. Time is going by so quick!",2020-09-05 22:31:01+00:00,0,1,,,,Del Rio
51,1302373386585362434,#ImThinkingOfEndingThings,2020-09-05 22:29:46+00:00,0,0,,#ImThinkingOfEndingThings,,Del Rio
52,1302372015656128513,Chulo as always ,2020-09-05 22:24:20+00:00,0,1,,,,Del Rio
53,1302371812391686145,Anyone else change their outfits at least 5 times a day? No?? Just me ? Cool ,2020-09-05 22:23:31+00:00,1,18,,,,Del Rio
54,1302371117617815555,"A win is a win, 2 points or 200. Doesn’t matter. Proud of my team for the DUB ",2020-09-05 22:20:45+00:00,12,83,,,,Del Rio
55,1302370352782245889,"My boys did work last night, proving people wrong!!",2020-09-05 22:17:43+00:00,4,25,,,,Del Rio
56,1302369795342438401,El secreto de la Paz mundial está en los chilaquiles chill all kill less,2020-09-05 22:15:30+00:00,0,1,,,,Del Rio
57,1302369261768318976,En alguna parte de #Coahuila,2020-09-05 22:13:23+00:00,0,3,,#Coahuila,,Del Rio
58,1302368215482261504,"Tranquilo borolas, vete a seguir pisteando, déjanos en paz a los ciudadanos que nos repongamos de los males que nos trajo tu oscuro régimen #FelipeElOscuro",2020-09-05 22:09:14+00:00,0,0,,#FelipeElOscuro,,Del Rio
59,1302366879575465984,No se burle de Feli-Pillo maestra ,2020-09-05 22:03:55+00:00,0,0,,,,Del Rio
60,1302366734683271169,"No se que me paso ayer, se parecía tanto a ti cuando nos conocimos por eso falleeeee ",2020-09-05 22:03:21+00:00,0,1,,,,Del Rio
61,1302365484222943233,I can have certain respect for people I don’t fw,2020-09-05 21:58:22+00:00,0,5,,,,Del Rio
62,1302364978100318208,"El nuevo aeropuerto de #SantaLucía se construye sobre un terreno plagado de restos de animales, se han encontrado 8 mil 700 huesos de 200 #Mamuts, 20 cuerpos humanos, 20 #Camellos, 10 caballos y un par de bisontes",2020-09-05 21:56:22+00:00,0,1,,#SantaLuc #Mamuts #Camellos,,Del Rio
63,1302364874832523265,I’ll play!!,2020-09-05 21:55:57+00:00,0,1,,,,Del Rio
64,1302362605672181761,Mali kanang iniisip.,2020-09-05 21:46:56+00:00,0,0,,,,Del Rio
65,1302361437684277252,yo quiero saber lo que se siente estar en concierto cantando contigo ,2020-09-05 21:42:18+00:00,0,0,,,,Del Rio
66,1302361359858896896,Que se joda kyle,2020-09-05 21:41:59+00:00,0,0,,,,Del Rio
67,1302360820576378882,I’m 18 and I wish I had a taco,2020-09-05 21:39:50+00:00,0,1,,,,Del Rio
68,1302359723841392652,Apenas me aliviane.,2020-09-05 21:35:29+00:00,0,2,,,,Del Rio
69,1302359167869562880,La película de Facebook está infravalorada.,2020-09-05 21:33:16+00:00,20,871,,,,Del Rio
70,1302359157849251841,Pozole.,2020-09-05 21:33:14+00:00,0,3,,,,Del Rio
71,1302355223927828481,,2020-09-05 21:17:36+00:00,1,2,,,,Del Rio
72,1302354378263683072,"Jajasjsj el morro que me gumsta ayer subió un instastorie,estaba que me moría porque no podía chulearlo,dame una cachetada porfa",2020-09-05 21:14:15+00:00,0,1,,,,Del Rio
73,1302354047949631489,Esto no me está gustando,2020-09-05 21:12:56+00:00,0,1,,,,Del Rio
74,1302353936943210496,Wowowowowowo,2020-09-05 21:12:29+00:00,0,1,,,,Del Rio
75,1302352397369516033,En @UDCCOAH estamos unidos y fuertes. Juntos seguiremos trabajando por Coahuila. #QueHableElNorte ,2020-09-05 21:06:22+00:00,5,12,@UDCCOAH,#QueHableElNorte,,Del Rio
76,1302352226464063488,He estado estudiando y con musica asi romoantica de hace tiempo y solo tengo que decir que me siento mucho mas sola de lo que estoy.,2020-09-05 21:05:41+00:00,0,0,,,,Del Rio
77,1302352024655335438,,2020-09-05 21:04:53+00:00,1,1,,,,Del Rio
78,1302351736166846464,"Marvel avengers I'm live on Twitch, come hang out!",2020-09-05 21:03:45+00:00,1,2,,,,Del Rio
79,1302350907850530819,I can’t help but smile seeing you smile,2020-09-05 21:00:27+00:00,0,1,,,,Del Rio
80,1302348657245728774,Ayo how ‘bout one of y’all become a mom,2020-09-05 20:51:31+00:00,0,1,,,,Del Rio
81,1302348331448819712,"A ver si entendí: ¿Las aportaciones por clip son ilegales, pero las aportaciones en bolsas de papel son heroicas?",2020-09-05 20:50:13+00:00,0,0,,,,Del Rio
82,1302347763288543232,My ★★★½ review of Tenet on @letterboxd:,2020-09-05 20:47:57+00:00,0,0,@letterboxd,,,Del Rio
83,1302345889005146114,"Guau Choy, ni lo vi en fb",2020-09-05 20:40:31+00:00,0,0,,,,Del Rio
84,1302344162935672832,Los días lluviosos son mis favoritos ,2020-09-05 20:33:39+00:00,3,8,,,,Del Rio
85,1302343646252085250,ouuuu ,2020-09-05 20:31:36+00:00,0,2,,,,Del Rio
86,1302341106860920832,Hoy #5DeSeptiembre conmemoramos el #DíaDelQuetzal nuestra majestuosa Ave Nacional #RumboAlBicentenario ,2020-09-05 20:21:30+00:00,0,0,,#5DeSeptiembre #D #RumboAlBicentenario,,Del Rio
87,1302341091610431488,Ya somos 2 ,2020-09-05 20:21:27+00:00,0,1,,,,Del Rio
88,1302340995267223552,"“Ama hasta que te duela""... Santa Teresa de Calcuta",2020-09-05 20:21:04+00:00,0,0,,,,Del Rio
89,1302340543108743168,In the streets,2020-09-05 20:19:16+00:00,0,2,,,,Del Rio
90,1302340311058911233,Should’ve just brought his ass,2020-09-05 20:18:21+00:00,0,0,,,,Del Rio
91,1302340228586192896,Estoy considerando seriamente en ya regresarme de foránea otra vez ya no aguanto aquii HELP!,2020-09-05 20:18:01+00:00,0,13,,,,Del Rio
92,1302340125863620608,"“Los raperos se sacan la mierda entrenando y la rompen, pero llegan a la altura y el dinero los corrompe”. Señor Tom.",2020-09-05 20:17:36+00:00,123,2483,,,,Del Rio
93,1302340037934080000,107-122 #CristianRey,2020-09-05 20:17:16+00:00,0,0,,#CristianRey,,Del Rio
94,1302339662749597697,In Austin,2020-09-05 20:15:46+00:00,0,0,,,,Del Rio
95,1302339585616285698,Anyone else cringe at the shit we used to post on Facebook.,2020-09-05 20:15:28+00:00,0,4,,,,Del Rio
96,1302339408633294848,What do you gain?,2020-09-05 20:14:45+00:00,0,0,,,,Del Rio
97,1302339363121123328,"Welcome friend, Bien Venido Amigo.",2020-09-05 20:14:35+00:00,0,1,,,,Del Rio
98,1302339268430508032,Experience exploring done right with the 2020 GMC Sierra 1500 AT4 featuring an available MultiPro Audio System by Kicker.,2020-09-05 20:14:12+00:00,0,0,,,,Del Rio
99,1302339164550111234,Scoreboard.,2020-09-05 20:13:47+00:00,8,29,,,,Del Rio
100,1302336668050100224,My SO just asked if I could step on his back to crack it. And be responsible for your death? I don’t think so.,2020-09-05 20:03:52+00:00,0,0,,,,Del Rio
101,1302336474470211589,"Brad Pitt y Jennifer Aniston estaban juntos en 1999 si hubieran tenido un hijo pude ser yo, ;( mis papás pudieron ser brad y Jen",2020-09-05 20:03:06+00:00,0,0,,,,Del Rio
102,1302336358988550148,omg ,2020-09-05 20:02:38+00:00,0,0,,,,Del Rio
103,1302336256228163585,My gf really is the brightest part of my day,2020-09-05 20:02:14+00:00,0,4,,,,Del Rio
104,1302335904107896834,Bro you can't say that man you're getting delusional like every other cowboys fan,2020-09-05 20:00:50+00:00,0,0,,,,Del Rio
105,1302335543783690241,Sh!,2020-09-05 19:59:24+00:00,0,0,,,,Del Rio
106,1302335254284447747,I think you are so cute ,2020-09-05 19:58:15+00:00,0,1,,,,Del Rio
107,1302333131639451648,,2020-09-05 19:49:49+00:00,0,1,,,,Del Rio
108,1302332881218473984,,2020-09-05 19:48:49+00:00,1,1,,,,Del Rio
109,1302332834481352704,Aww! *hugs and plays video games with ya* ,2020-09-05 19:48:38+00:00,0,0,,,,Del Rio
110,1302332644873719808,Sad times .,2020-09-05 19:47:53+00:00,0,1,,,,Del Rio
111,1302332064977518598,Awww! *gibs her all da hugs* ,2020-09-05 19:45:35+00:00,0,1,,,,Del Rio
112,1302331731589160961,@StormiFolf ,2020-09-05 19:44:15+00:00,0,0,@StormiFolf,,,Del Rio
113,1302331431155187712,"Washington had to change from the Redskins, but this gets to stay? Lol even the town name is pretty good",2020-09-05 19:43:03+00:00,0,1,,,,Del Rio
114,1302331292881743872,HAHAHAHA do we all have the same dad?????????,2020-09-05 19:42:31+00:00,0,2,,,,Del Rio
115,1302330979025973248,Kirito swords,2020-09-05 19:41:16+00:00,0,1,,,,Del Rio
116,1302329855065944066,"Form over weight people, don’t get hurt trying to be a show off",2020-09-05 19:36:48+00:00,0,1,,,,Del Rio
117,1302328310353915905,"Solo entiendes a Calderón si sufriste su Guerra, su entrega de nuestras ciudades a su cártel. #FelipeElOscuro",2020-09-05 19:30:39+00:00,0,0,,#FelipeElOscuro,,Del Rio
118,1302327993411555335,"Just saw Cotton Pickers was trending. And it’s exactly what I thought it was. This is the mascot for Robstown, TX....which is something like 93% Hispanic. I knew a guy years ago that played football there, he said it doesn’t mean the same to Mexicans as it does everybody else ",2020-09-05 19:29:24+00:00,0,0,,,,Del Rio
119,1302327881985531904,El gobierno? Un trabajador del gobierno no representa a su gobierno. O acaso quieres censurar su opinión personal? #FelipeElOscuro,2020-09-05 19:28:57+00:00,0,0,,#FelipeElOscuro,,Del Rio
120,1302327689546731521,Oh mee ,2020-09-05 19:28:11+00:00,0,1,,,,Del Rio
121,1302327446981632002,"Solo a eso te deberías dedicar Leoncito, es lo único que se te da camarada",2020-09-05 19:27:14+00:00,0,0,,,,Del Rio
122,1302326621140119554,Fuuuckkk and I’ve been wanting to go!! ,2020-09-05 19:23:57+00:00,0,1,,,,Del Rio
123,1302326617050697730,I just had my second child 6 months ago and im struggling with loving my body right now,2020-09-05 19:23:56+00:00,0,0,,,,Del Rio
124,1302325206225215489,*hugs* ,2020-09-05 19:18:19+00:00,0,2,,,,Del Rio
125,1302324717827895296,JAJAJAJAA,2020-09-05 19:16:23+00:00,0,2,,,,Del Rio
126,1302324629403467777,Such beautiful and adorable work here! X3,2020-09-05 19:16:02+00:00,0,1,,,,Del Rio
127,1302323544005709824,Probably the funniest thing i’ve read today,2020-09-05 19:11:43+00:00,0,1,,,,Del Rio
128,1302323458748100609,LOL! Arrby's just too pwecious! XD,2020-09-05 19:11:23+00:00,0,0,,,,Del Rio
129,1302322491377893376,Hahahahahaha hahahaha ,2020-09-05 19:07:32+00:00,0,1,,,,Del Rio
130,1302322409677127681,*hugs* ,2020-09-05 19:07:13+00:00,0,1,,,,Del Rio
131,1302321544698318849, ,2020-09-05 19:03:46+00:00,0,0,,,,Del Rio
132,1302320765895806976,Andas controlando el clima vdd?,2020-09-05 19:00:41+00:00,0,1,,,,Del Rio
133,1302320612363264000,Patrañas,2020-09-05 19:00:04+00:00,0,0,,,,Del Rio
134,1302320402241388544,*gibs all da hugs* ,2020-09-05 18:59:14+00:00,0,1,,,,Del Rio
135,1302320292874739713,,2020-09-05 18:58:48+00:00,0,0,,,,Del Rio
136,1302319154725347329,Indeed! ,2020-09-05 18:54:17+00:00,0,1,,,,Del Rio
137,1302319065092956160,"Pues si, el que quiere ir va a ir pero si no queda nada mínimo podemos ponerle comedia a la desgracia jajaja ",2020-09-05 18:53:55+00:00,0,0,,,,Del Rio
138,1302318653036060672,,2020-09-05 18:52:17+00:00,0,0,,,,Del Rio
139,1302317885474439175,The weather is absolutely perfect today ,2020-09-05 18:49:14+00:00,0,0,,,,Del Rio
140,1302317192818634754,i wish i could unwatch euphoria just to watch it all over again,2020-09-05 18:46:29+00:00,0,9,,,,Del Rio
141,1302316407904972801,TEXAS im coming back you hot bitch ! ,2020-09-05 18:43:22+00:00,0,3,,,,Del Rio
142,1302315518259494912,,2020-09-05 18:39:50+00:00,0,0,,,,Del Rio
143,1302315106936778754,96.3 playing Don Toliver ,2020-09-05 18:38:11+00:00,0,9,,,,Del Rio
144,1302314455418777600,Don’t you know that only fools are satisfied,2020-09-05 18:35:36+00:00,0,0,,,,Del Rio
145,1302314028149231620,"No child should ever hear something like that from anyone who never knew their Dad in the first place! Please tell your son for me don’t believe anything that Trump says! 21,000 plus lies based on ignorance!",2020-09-05 18:33:54+00:00,0,1,,,,Del Rio
146,1302312628094672898,Such absolute BS! Evil!,2020-09-05 18:28:20+00:00,0,0,,,,Del Rio
147,1302312355565535239,You’re welcome ,2020-09-05 18:27:16+00:00,0,0,,,,Del Rio
148,1302312318869463040,No podría estar con alguien que ya tuvo el amor de su vida.,2020-09-05 18:27:07+00:00,0,7,,,,Del Rio
149,1302312140519485443,Thank you so much Autumn ,2020-09-05 18:26:24+00:00,0,1,,,,Del Rio
150,1302311973821050886,just going to the gym bc damn I want that ass phat ,2020-09-05 18:25:45+00:00,0,0,,,,Del Rio
151,1302311750574977024,"Don’t think for one minute this won’t cost you! Trump never gives anything to we the people without taking twice as much from somewhere for himself. Note you have to pay this back. Will you be happy after Jan 1, 2021 when it’s time to pay the devil? Beware!",2020-09-05 18:24:51+00:00,1,3,,,,Del Rio
152,1302310684320030721,It makes me sad to think if I would’ve stayed in New Mexico years ago I would’ve provably reached all my goals by now!,2020-09-05 18:20:37+00:00,0,0,,,,Del Rio
153,1302310327175000065,The Flash ... used the speedforce and saw the movie in the future,2020-09-05 18:19:12+00:00,0,0,,,,Del Rio
154,1302309735413280768,I HIGHLY recommend! #tarotcardreadings,2020-09-05 18:16:51+00:00,1,2,,#tarotcardreadings,,Del Rio
155,1302309727657955329,JAJAJAJAJ ELLAAAAA,2020-09-05 18:16:49+00:00,0,2,,,,Del Rio
156,1302309718371774465,@Hectorvazzz,2020-09-05 18:16:47+00:00,0,0,@Hectorvazzz,,,Del Rio
157,1302309351579889666,Nowhere on the planet can u go without a mask #control #fight Airlines banned more than 700 passengers over mask violations: report https://fxn.ws/333fWrF #FoxBusiness,2020-09-05 18:15:19+00:00,0,0,,#control #fight #FoxBusiness,,Del Rio
158,1302309066803351552,Esa serie es una joya,2020-09-05 18:14:11+00:00,0,1,,,,Del Rio
159,1302308028251877376,"i fell asleep last night with a push up bra and pants on, now i KNOW im down bad",2020-09-05 18:10:04+00:00,0,0,,,,Del Rio
160,1302306930422030339,70,2020-09-05 18:05:42+00:00,0,0,,,,Del Rio
161,1302306929679699972,porque seré tan celosa?,2020-09-05 18:05:42+00:00,2,4,,,,Del Rio
162,1302306186063163394,No necesitamos más basura en Mexico ,2020-09-05 18:02:45+00:00,0,0,,,,Del Rio
163,1302305788480958465,Yess Kass! ,2020-09-05 18:01:10+00:00,0,0,,,,Del Rio
164,1302305739499646976,"En menos de 9 meses, mil 613 #Niños han muerto en #México a causa de #Cáncer, de acuerdo con el conteo que lleva la Asociación Mexicana de Ayuda a Niños con Cáncer (#Amanc).",2020-09-05 18:00:58+00:00,2,3,,#Ni #M #C #Amanc,,Del Rio
165,1302305289467842560,Stopping in Van Hornbon our way to El Paso #roadTrip #SocialDistancing,2020-09-05 17:59:11+00:00,0,3,,#roadTrip #SocialDistancing,,Del Rio
166,1302304283304644609,@HECTORGERONIMO escucha esta belleza... ,2020-09-05 17:55:11+00:00,0,1,@HECTORGERONIMO,,,Del Rio
167,1302304152266047488,Yo también astronautaaaa jajaja,2020-09-05 17:54:40+00:00,0,1,,,,Del Rio
168,1302304095450157056,Lunch Ready @The Edge Extreme Fitness https://www.instagram.com/p/CEw5MrKh9lo/?igshid=15tj6u54ffgtc,2020-09-05 17:54:26+00:00,0,0,,,,Del Rio
169,1302302291958009856,Pc players wt macros ??,2020-09-05 17:47:16+00:00,0,0,,,,Del Rio
170,1302300407885041664,Rolalo carnal,2020-09-05 17:39:47+00:00,0,0,,,,Del Rio
171,1302299594911625219,Idk why tf I tweeted this lol,2020-09-05 17:36:33+00:00,0,12,,,,Del Rio
172,1302298320237363202,,2020-09-05 17:31:29+00:00,0,1,,,,Del Rio
173,1302295326011908098,I’m kind of sold on Antony Starr as #ReverseFlash whenever DC put him in #TheFlash movies,2020-09-05 17:19:35+00:00,0,1,,#ReverseFlash #TheFlash,,Del Rio
174,1302295277550866433,Way to go! Keep up the good job.,2020-09-05 17:19:24+00:00,0,0,,,,Del Rio
175,1302294733759426560,BANGER BRO!,2020-09-05 17:17:14+00:00,0,0,,,,Del Rio
176,1302294675273981952,come to stephenville & we will do it,2020-09-05 17:17:00+00:00,0,1,,,,Del Rio
177,1302294512002367491,"Y el puñetas de la gorra naranja, al final solo está como idiota viendo, y exponiéndose. Reflejo de la estupidez.",2020-09-05 17:16:21+00:00,1,1,,,,Del Rio
178,1302294275112214529,Good things come to those who wait,2020-09-05 17:15:25+00:00,2,15,,,,Del Rio
179,1302294234523996160,GET YOUR BAG MAAAN I PICKED YOU UP ON FANTASY MY BOY!!,2020-09-05 17:15:15+00:00,0,0,,,,Del Rio
180,1302294000590757888,Le dolió más a @JLozanoA la negación de #MexicoLibreNoVa que al propio @FeliperCalderon porque a la Margarinflas esa no sabe ni que honda.,2020-09-05 17:14:19+00:00,0,0,@JLozanoA @felipercalderon,#MexicoLibreNoVa,,Del Rio
181,1302292542034120704,Yo quiero,2020-09-05 17:08:32+00:00,0,0,,,,Del Rio
182,1302292350316605441,"#Acuña | Inicia campaña @MaruCalderonA Respaldada por los sectores del #PRI, arranca su recorrido por el Distrito I. https://www.facebook.com/josemartin.gomezcaldera/posts/3419618084727913 #RTNews #Saltillo @fsaracho10",2020-09-05 17:07:46+00:00,3,7,@MaruCalderonA @fsaracho10,#Acu #PRI #RTNews #Saltillo,,Del Rio
183,1302292321682305024,Las y los candidatos de @UDCCOAH son los más comprometidos y quienes #SePonenLosTenis por Coahuila para seguir construyendo un mejor futuro para sus habitantes. ¡UDC es la mejor opción! #QueHableElNorte ,2020-09-05 17:07:39+00:00,2,10,@UDCCOAH,#SePonenLosTenis #QueHableElNorte,,Del Rio
184,1302291086358974464,"Bro I had nightmares ALL night. Shot in the chest 4 times, a haunted house, and got run over while skating???? Give me a damn break ",2020-09-05 17:02:45+00:00,0,22,,,,Del Rio
185,1302290057420701698,Me caga que en mis sueños ella sigue siendo la dueña de mi corazón,2020-09-05 16:58:39+00:00,0,0,,,,Del Rio
186,1302288768796446721,#shaysauntie,2020-09-05 16:53:32+00:00,1,1,,#shaysauntie,,Del Rio
187,1302287569238003712,#NewProfilePic,2020-09-05 16:48:46+00:00,5,53,,#NewProfilePic,,Del Rio
188,1302286308962783232,"#Acuña | Reconocen #Trayectoria de 30 años de la Compañía de #DanzaFolclórica ""Yumari"". https://www.facebook.com/josemartin.gomezcaldera/posts/3419568024732919?__xts__[0]=68.ARDih08eE3PQSSgdPQyOcir9kUernzuJQM1YcL4Gb03ejfyx2aTUrvyFuEoelpoxHIQqD-CWV-kwLkfV_M5T0cQh47nrAgRZ3up9at2kKI2H86RU_eHTNQxk2MAbbGYPCcM3sanSC5zsWn6NsGUjlj-a-w-oyuqoIXO_tJ4sqzx0Tcd4mE63527YfbMtwroUrAYNIPQFs9fLjaBq&amp;__tn__=-R #RTNews #Saltillo @Roberto_dls",2020-09-05 16:43:46+00:00,3,4,@Roberto_dls,#Acu #Trayectoria #DanzaFolcl #RTNews #Saltillo,,Del Rio
189,1302285838219345920,Whartons a terrible if they thought u to write jajaja @realDonaldTrump,2020-09-05 16:41:53+00:00,0,1,@realDonaldTrump,,,Del Rio
190,1302285796242792448,#NW #TheBoys: Season 2,2020-09-05 16:41:43+00:00,0,1,,#NW #TheBoys #TheBoys,,Del Rio
191,1302284942228029445,"why do i get drunk by myself, like ik it’s just pain after that ms girl tf r u doing??????",2020-09-05 16:38:20+00:00,0,0,,,,Del Rio
192,1302284301862461440,"Hoy en nuestra jornada de #SábadoConsularGt atendemos llamadas de familias que buscan a sus seres queridos, verificamos estado de salud y ánimo de connacionales bajo custodia y los comunicamos con sus familias #AquíParaTi #ProtecciónConsularGt",2020-09-05 16:35:47+00:00,1,0,,#S #Aqu #Protecci,,Del Rio
193,1302284246694998019,27+50-2,2020-09-05 16:35:34+00:00,0,0,,,,Del Rio
194,1302283712009244674,"I can’t feed you, but I can tell you you’re beautiful. Wow, I really half assed that task ",2020-09-05 16:33:26+00:00,0,1,,,,Del Rio
195,1302283430370177025,#fakenews #industrypuppet @TheRock,2020-09-05 16:32:19+00:00,0,0,@TheRock,#fakenews #industrypuppet,,Del Rio
196,1302282797374033924,Será divertido intentarlo,2020-09-05 16:29:48+00:00,0,1,,,,Del Rio
197,1302282152898224131,Saludos.,2020-09-05 16:27:15+00:00,0,1,,,,Del Rio
198,1302281478705950720,I’m just trying to be ZTFO,2020-09-05 16:24:34+00:00,0,0,,,,Del Rio
199,1302280980942778368,Me following in my Dad’s footsteps,2020-09-05 16:22:35+00:00,0,1,,,,Del Rio
200,1302280829935276032,"My Dad, my hero ",2020-09-05 16:21:59+00:00,0,1,,,,Del Rio
201,1302280343672647681,Suman 60 mil 537 #Homicidios dolosos en lo que va del #Sexenio del presidente #LópezObrador (Vía @TResearchMx) https://bit.ly/3jQdiMR,2020-09-05 16:20:03+00:00,1,2,@TResearchMx,#Homicidios #Sexenio #L,,Del Rio
202,1302279709426888704,I don’t regret anything i said last night lmao,2020-09-05 16:17:32+00:00,0,1,,,,Del Rio
203,1302278871379857420,We are so close to turning NC Blue! Please retweet this now then help us finish the job on Nov 3. #wtpBlue #wtpHouse,2020-09-05 16:14:12+00:00,316,237,,#wtpBlue #wtpHouse,,Del Rio
204,1302276861389672448,,2020-09-05 16:06:13+00:00,0,0,,,,Del Rio
205,1302276116523159552,"I want to see our wounded warriors don’t you? I want to hug every single one of them and personally thank them for having our backs, thank them for their sacrifices and most of all thank them for loving our country more than money! Tr$mp has no clue how that all works! #wtpBlue",2020-09-05 16:03:15+00:00,5,12,,#wtpBlue,,Del Rio
206,1302274978755248129,No molestes wey estoy jugando Warzone!,2020-09-05 15:58:44+00:00,0,1,,,,Del Rio
207,1302274659774234624,Cuando sea grande quiero ser como tu,2020-09-05 15:57:28+00:00,0,1,,,,Del Rio
208,1302274458804084737,"Apoco nunca han cogido en en sur poniente, los que son de Acuña saben donde es hahaha ha ",2020-09-05 15:56:40+00:00,2,22,,,,Del Rio
209,1302273734296793088,Necesito comprar un aro de luz :(,2020-09-05 15:53:47+00:00,3,27,,,,Del Rio
210,1302270329750827008,También hubo un momento en la que habla una mujer pero en español,2020-09-05 15:40:16+00:00,0,0,,,,Del Rio
211,1302270184196050944,1000%!,2020-09-05 15:39:41+00:00,0,0,,,,Del Rio
212,1302267815882178562,"Lo único que está pidiendo es que se protejan, ¿en donde está la dictadura?",2020-09-05 15:30:16+00:00,0,0,,,,Del Rio
213,1302267622365503488,"THE WAIT IS OVER!!! LINK IN BIO!! ""BOSS"" OUT NOW!! Like I said before, a bug thank you goes out to melissabenz @ChinamanWuPing @voteherrera gorgeous_himself92 @ChinamanWuPing @ourbrandmusic Also, a big thanks to… https://www.instagram.com/p/CEwojrojv8f/?igshid=13ziklham7dz0",2020-09-05 15:29:30+00:00,1,3,@ChinamanWuPing @ChinamanWuPing @OURBrandMusic,,,Del Rio
214,1302267451955175425, ,2020-09-05 15:28:50+00:00,0,0,,,,Del Rio
215,1302266874474819586,kalma langg:(( @honeyy_gracee,2020-09-05 15:26:32+00:00,0,1,@honeyy_gracee,,,Del Rio
216,1302265743560642564,pili pa more HAHAHAHAHA,2020-09-05 15:22:02+00:00,0,0,,,,Del Rio
217,1302265681820479493,wao nag sisi si lalet ,2020-09-05 15:21:48+00:00,0,1,,,,Del Rio
218,1302264530983161861,Let’s see what today consists of,2020-09-05 15:17:13+00:00,0,0,,,,Del Rio
219,1302263001416957953,Today I'll be having my first weekend stream I'll be streaming marvel avengers I hope to see you there,2020-09-05 15:11:09+00:00,2,2,,,,Del Rio
220,1302262921049845760,c u soon ,2020-09-05 15:10:49+00:00,0,1,,,,Del Rio
221,1302262905212006400,Que no se les olvide el 70 o 75 % de los mexicanos apoyando a AMLO 1er presidente que ha desafiado a la mafia del poder corrupto,2020-09-05 15:10:46+00:00,0,1,,,,Del Rio
222,1302262043102212096,Siempre puedo con todo y siempre podré.,2020-09-05 15:07:20+00:00,0,0,,,,Del Rio
223,1302261150810284033,Negative,2020-09-05 15:03:47+00:00,0,0,,,,Del Rio
224,1302260572067688448,Manda Dm,2020-09-05 15:01:29+00:00,0,1,,,,Del Rio
225,1302260109121409027,Me gusta mucho ver a mi mejor amiga feliz ,2020-09-05 14:59:39+00:00,0,1,,,,Del Rio
226,1302259875259363328,Vamos por el Distrito I,2020-09-05 14:58:43+00:00,0,0,,,,Del Rio
227,1302259631604068352,tagal naman nung lsm di pa ata aabutin ng bday ,2020-09-05 14:57:45+00:00,0,0,,,,Del Rio
228,1302259558513950720,Comprometida Maestra de Jardín de Niños durante toda su vida laboral en la docencia y solidaria con sus compañeros de trabajo y sobretodo con sus alumnos y padres de familia . Lo mejor de Acuña para el Distrito I,2020-09-05 14:57:28+00:00,0,0,,,,Del Rio
229,1302259215222833154,Muerde,2020-09-05 14:56:06+00:00,0,0,,,,Del Rio
230,1302259198168891392,Ya solo falta en streem haciendo ejercicio ,2020-09-05 14:56:02+00:00,0,0,,,,Del Rio
231,1302258955524157440,I was not joking,2020-09-05 14:55:04+00:00,0,0,,,,Del Rio
232,1302258878080409601,antanga ko diko nasave yun HAHAHA,2020-09-05 14:54:45+00:00,0,0,,,,Del Rio
233,1302258744546545664,It says not available,2020-09-05 14:54:14+00:00,0,0,,,,Del Rio
234,1302258647955841025,walang bago sa tamaddddd,2020-09-05 14:53:51+00:00,0,0,,,,Del Rio
235,1302258464564154369,Thanks,2020-09-05 14:53:07+00:00,0,0,,,,Del Rio
236,1302258226554114048,happy birthday love!! @Scarletjne,2020-09-05 14:52:10+00:00,0,1,@Scarletjne,,,Del Rio
237,1302258186620211201,"Nah because niggas down talking Kazuya and I think he's a pretty admirable character. Cringe, yeah, but he's a pretty upstanding dude who's trying to keep the people around him happy.",2020-09-05 14:52:01+00:00,0,1,,,,Del Rio
238,1302257220302909441,"I like Ruka as much as the next guy, but y'all ain't gonna sit here and act like she's a pure angel when she forced my boy into a situation he didn't want to be in and is asking him mad questions about the relationship that he didn't want to be in.",2020-09-05 14:48:10+00:00,0,0,,,,Del Rio
239,1302256999783161857,@marcoreyes250,2020-09-05 14:47:18+00:00,0,1,@marcoreyes250,,,Del Rio
240,1302256745876725761,Octopus,2020-09-05 14:46:17+00:00,0,2,,,,Del Rio
241,1302254898604634113,Siempre andas en el pedo,2020-09-05 14:38:57+00:00,0,1,,,,Del Rio
242,1302253810656718848,I hate when people tell me what to do smh ,2020-09-05 14:34:37+00:00,0,0,,,,Del Rio
243,1302253683116331009,$rosaisarose,2020-09-05 14:34:07+00:00,0,0,,,,Del Rio
244,1302253160392798211,This guy texted me “ goodmorning now say it back “ don’t tell me wtf to do . Now I ain’t gonna say it back ,2020-09-05 14:32:02+00:00,0,1,,,,Del Rio
245,1302252861766742017,Conoce a las y los candidatos para la diputación al Congreso de #Coahuila. En @UDCCOAH tenemos a las personas más preparadas para ocupar el cargo y seguir luchando por el bienestar de las y los coahuilenses. #NosPonemosLosTenis #QueHableElNorte ,2020-09-05 14:30:51+00:00,5,11,@UDCCOAH,#Coahuila #NosPonemosLosTenis #QueHableElNorte,,Del Rio
246,1302252692664848384,"Hands-on domestic projects bode well now, as does spending qua... More for Cancer http://bit.ly/yk3b9m",2020-09-05 14:30:11+00:00,0,0,,,,Del Rio
247,1302252090656522241,Now watch season 4 !!!,2020-09-05 14:27:47+00:00,0,1,,,,Del Rio
248,1302250752967049216,Doing good how about you,2020-09-05 14:22:28+00:00,0,0,,,,Del Rio
249,1302250668804190214,"El día de hoy, iniciamos el proceso electoral para la Diputación por el Distrito I, con una charla con amigos de medios de comunicación. Nuestra Candidata Maru Calderón habló de cómo llevará su campaña y sus propuestas de arranque de campaña. #ParaSeguirSeguros #MaruCalderón",2020-09-05 14:22:08+00:00,5,9,,#ParaSeguirSeguros #MaruCalder,,Del Rio
250,1302249972373520390,Tas pedorra x2,2020-09-05 14:19:22+00:00,0,1,,,,Del Rio
251,1302247564389961729,"Aunque por primera vez hicieron su trabajo, presionado por las redes, los del INE no dejan de ser unos ladrones",2020-09-05 14:09:48+00:00,0,1,,,,Del Rio
252,1302246991699873792,That's so awesome to hear! Praise God! ,2020-09-05 14:07:32+00:00,0,2,,,,Del Rio
253,1302246929812926464,Bioshock,2020-09-05 14:07:17+00:00,0,1,,,,Del Rio
254,1302246586160803849,My little brother is 18 today.. 18?! Like how ,2020-09-05 14:05:55+00:00,0,6,,,,Del Rio
255,1302246468980539392,Too adorbs! XD,2020-09-05 14:05:27+00:00,0,1,,,,Del Rio
256,1302245996475412481,"I feel like I might be exuding a different aura since I’ve moved away. I’ve noticed that I’m being noticed more, I’m happier and even slightly more confident. Like, I feel like I might be thriving",2020-09-05 14:03:34+00:00,0,3,,,,Del Rio
257,1302244617019154432,Buenos días,2020-09-05 13:58:05+00:00,0,1,,,,Del Rio
258,1302244278278729728,Tan hermoso trasero... y lo censuran. Jeje,2020-09-05 13:56:45+00:00,0,0,,,,Del Rio
259,1302243574004801536,@Xilefsm,2020-09-05 13:53:57+00:00,0,1,@Xilefsm,,,Del Rio
260,1302242209564037120,Ayer tome vodka y perdí bien feo...,2020-09-05 13:48:31+00:00,0,0,,,,Del Rio
261,1302240904410009602,$HSalasJR6,2020-09-05 13:43:20+00:00,0,2,,,,Del Rio
262,1302240858998145025,Esto se puede esperar del mundo pero de una pastora? Colo es posible que este dando este tipo de consejos a los fieles de esta congregación?,2020-09-05 13:43:09+00:00,0,0,,,,Del Rio
263,1302240857802772480,,2020-09-05 13:43:09+00:00,0,0,,,,Del Rio
264,1302239717405065216,,2020-09-05 13:38:37+00:00,0,0,,,,Del Rio
265,1302237927251103744,Uf. Creeme que un guajolocombo no le pide nada a nadie. Jajaja,2020-09-05 13:31:30+00:00,0,4,,,,Del Rio
266,1302237109697167360,HANGAL HAHHAHAHHAHAHAH IBA INIISIIP MO ISTOPPP,2020-09-05 13:28:16+00:00,0,1,,,,Del Rio
267,1302235658686136321,"Jajajaja alc que si, otro pedo ese día! Ya hace falta otro viajesio de esos",2020-09-05 13:22:30+00:00,0,0,,,,Del Rio
268,1302234894077030404,"'Mientes', dice @FelipeCalderon a @lorenzocordovav tras revés a #MéxicoLibre",2020-09-05 13:19:27+00:00,2,2,@FelipeCalderon @lorenzocordovav,#M,,Del Rio
269,1302234336612282375,A poco jugo?,2020-09-05 13:17:14+00:00,0,0,,,,Del Rio
270,1302234257994129409,Jajajaja no nada de eso mi Paco,2020-09-05 13:16:56+00:00,0,0,,,,Del Rio
271,1302233907899912194,Buenos días @ElKrakenLive cómo andas de condición física para la tarea pendiente jajajajaja saludos.,2020-09-05 13:15:32+00:00,0,1,@ElKrakenLive,,,Del Rio
272,1302233046859608066,me interesa edatear vale?,2020-09-05 13:12:07+00:00,0,1,,,,Del Rio
273,1302231925411786752,Ánimo!!!,2020-09-05 13:07:39+00:00,0,0,,,,Del Rio
274,1302230002008645633,"#K9 Pablo is a two year old German Shepherd who works hard, plays hard and earns his rest! Good boy!",2020-09-05 13:00:01+00:00,1,7,,#K9,,Del Rio
275,1302228380520198144,"Te comparto la cartelera cultural para este sábado 5 de septiembre. “Estas actividades son de carácter educativo”. “Este programa es público, ajeno a cualquier partido político. Queda prohibido el uso para fines distintos a los establecidos en el programa” @CulturaCoahuila",2020-09-05 12:53:34+00:00,0,0,@CulturaCoahuila,,,Del Rio
276,1302227375057502208,Relata Vargas Llosa el shock que significó conocer a Jorge Luis Borges,2020-09-05 12:49:35+00:00,0,0,,,,Del Rio
277,1302227321152303104,"Las 7 muertes de María Callas , de Marina Abramović, se transmitirá gratis en México",2020-09-05 12:49:22+00:00,0,0,,,,Del Rio
278,1302227274318708736,"Por materializarse en el museo Anahuacalli, una ciudad de las artes como soñó Diego Rivera",2020-09-05 12:49:11+00:00,0,0,,,,Del Rio
279,1302227216466620417,"A un año de la muerte de Toledo: el mejor homenaje, difundir su legado",2020-09-05 12:48:57+00:00,0,0,,,,Del Rio
280,1302225990933000192,*hugs* ,2020-09-05 12:44:05+00:00,0,3,,,,Del Rio
281,1302225943726100481, beach day,2020-09-05 12:43:53+00:00,1,17,,,,Del Rio
282,1302225926772740098,*gibs all da hugs* ,2020-09-05 12:43:49+00:00,0,1,,,,Del Rio
283,1302224326473719813,Lmao goddammit this is genius ,2020-09-05 12:37:28+00:00,0,0,,,,Del Rio
284,1302221809690046464,Never again ,2020-09-05 12:27:28+00:00,0,0,,,,Del Rio
285,1302220609431040000,@frentzyyy16,2020-09-05 12:22:42+00:00,0,1,@frentzyyy16,,,Del Rio
286,1302220024816443392,HAHAHAHAHAHA,2020-09-05 12:20:22+00:00,0,1,,,,Del Rio
287,1302218896053800963,Que buen disco saca recién los #RollingStones,2020-09-05 12:15:53+00:00,0,0,,#RollingStones,,Del Rio
288,1302216855357140993,"En el Día Internacional de la #MujerIndígena reconocemos la diversidad cultural que existe en nuestro país, pero también reconocemos que las mujeres indígenas enfrentan grandes desafíos, debemos sumar esfuerzos para que tengan mejores condiciones de vida ##QueHableElNorte ",2020-09-05 12:07:46+00:00,2,9,,#MujerInd #QueHableElNorte,,Del Rio
289,1302215864964575235,¡Buenos días! Iniciamos con la recepción de sus reportes hasta la 1am #Acuna,2020-09-05 12:03:50+00:00,0,0,,#Acuna,,Del Rio
290,1302215021880127489,Well damn lol,2020-09-05 12:00:29+00:00,0,0,,,,Del Rio
291,1302212549463728128,Supervisors will really make you end up hating your job,2020-09-05 11:50:40+00:00,0,25,,,,Del Rio
292,1302211131096920067,@FaZeJev tell me you have a tony hawk video coming soon that game looks and plays,2020-09-05 11:45:02+00:00,0,0,@FaZeJev,,,Del Rio
293,1302207579410452481,"Yo estoy para que me cuiden, no para andar cuidando.",2020-09-05 11:30:55+00:00,0,0,,,,Del Rio
294,1302206410181226496,Truth right here,2020-09-05 11:26:16+00:00,1,0,,,,Del Rio
295,1302201868094001157,"Good morning gente ¡Vámonos, a trabajar se ha dicho! Bonito #Sábado inicio de campaña acá en #Coahuila a darle que es mole de olla. Buen café ",2020-09-05 11:08:13+00:00,0,3,,#S #Coahuila,,Del Rio
296,1302199705296875521,Ver los Insta stories de la Beli y Christian Nodal me da depresion ,2020-09-05 10:59:38+00:00,0,3,,,,Del Rio
297,1302198866838724609,"Fabuloso atardecer #mtb #MTBenAcción #SantaCruz en Acuña, Coahuila De Zaragoza, Mexico https://www.instagram.com/p/CEwJWIfh8nI/?igshid=1rz11iwwilszx",2020-09-05 10:56:18+00:00,0,0,,#mtb #MTBenAcci #SantaCruz,,Del Rio
298,1302198569865101312,Hahaha generación de cristal no cabe duda ,2020-09-05 10:55:07+00:00,0,0,,,,Del Rio
299,1302198134043369473,Hahaha generación de cristal no cabe duda ,2020-09-05 10:53:23+00:00,0,0,,,,Del Rio
300,1302194305667411974,Works starting to look super clean ,2020-09-05 10:38:10+00:00,0,0,,,,Del Rio
301,1302190710821720064,Very welcome. I'll check out your site after I'm back from #LaborDayWeekend with my family,2020-09-05 10:23:53+00:00,0,1,,#LaborDayWeekend,,Del Rio
302,1302190287415128065,,2020-09-05 10:22:12+00:00,1,1,,,,Del Rio
303,1302181831702269953,Mi pareja favorita brother @leonel5427 @motandreaa ,2020-09-05 09:48:36+00:00,0,2,@leonel5427 @motandreaa,,,Del Rio
304,1302177881389293568,"I'm sad, por eso mis post",2020-09-05 09:32:54+00:00,0,0,,,,Del Rio
305,1302177692603752448,Extraño a personas que nunca formaron parte de mi vida ,2020-09-05 09:32:09+00:00,0,1,,,,Del Rio
306,1302177563620421632,"Ustedes me ven bien feliz y todo, pero en el fondo they don't know I'm craving a caguama. ",2020-09-05 09:31:39+00:00,0,1,,,,Del Rio
307,1302177127412846593,"Dejemos de fingir amor, sólo para conseguir Sexo, seamos directos",2020-09-05 09:29:55+00:00,0,0,,,,Del Rio
308,1302176215705423874,@Tabatha_HR,2020-09-05 09:26:17+00:00,0,1,@Tabatha_HR,,,Del Rio
309,1302171538427437056,Pensaba que te había olvidado,2020-09-05 09:07:42+00:00,0,0,,,,Del Rio
310,1302167384149700610,May sub tayong NSTP every Monday walang ganap? @frentzyyy16,2020-09-05 08:51:12+00:00,0,1,@frentzyyy16,,,Del Rio
311,1302163627936489473, ,2020-09-05 08:36:16+00:00,0,0,,,,Del Rio
312,1302159543875579907,"That may be the case in your opinion which we may not agree on, But much about Christianity and the idea of America is the sense of “morality,” of which this President has measurably failed us in almost every respect.",2020-09-05 08:20:02+00:00,0,1,,,,Del Rio
313,1302159088902496256,Agrega de nuevoo,2020-09-05 08:18:14+00:00,0,0,,,,Del Rio
314,1302157533843341312,Ah shit y’all are gonna make me feel awkward about this in the morning huh,2020-09-05 08:12:03+00:00,0,0,,,,Del Rio
315,1302156719502454785,Y’all tellin me this man is a sex machine but the bulge on the Sticky Fingers album cover is not even impressive what the FUCK???????,2020-09-05 08:08:49+00:00,0,1,,,,Del Rio
316,1302155890108186625,HAHAHAHAHAHA FUCK I MEANT IF MY ELBOW WAS ALWAYS AT MY THIGH,2020-09-05 08:05:31+00:00,0,1,,,,Del Rio
317,1302155096877199361,Talking about my tattoos,2020-09-05 08:02:22+00:00,0,0,,,,Del Rio
318,1302154990371311617,If my knee was always at my thigh (for reasons unexplained) then my grim reaper and my succu-babe would be making eyes with each other and i think that’s sweet,2020-09-05 08:01:57+00:00,0,1,,,,Del Rio
319,1302154774809251840,"De poder dormir todo el día 24/7, a poder dormir tranquilo solo un día a la semana, fuck..",2020-09-05 08:01:05+00:00,0,2,,,,Del Rio
320,1302151896459739138,"Puedes tener el mejor producto del mundo pero si no lo ofreces de la manera correcta jamas tendrá éxito en el mercado (Y no, ofrecerlo de la manera correcta no es llegar con edecanes o una presentación pitera con los clientes)",2020-09-05 07:49:39+00:00,0,3,,,,Del Rio
321,1302151016868007936,Aquí todos somos malos y decimos que somos buenos por el miedo que tenemos al rechazo ajeno.,2020-09-05 07:46:09+00:00,143,1411,,,,Del Rio
322,1302148613204635649,,2020-09-05 07:36:36+00:00,0,1,,,,Del Rio
323,1302147795680280576,*shares fried chicken and fixins with y'all* ,2020-09-05 07:33:21+00:00,0,2,,,,Del Rio
324,1302146832437448705,Yoooo,2020-09-05 07:29:32+00:00,0,0,,,,Del Rio
325,1302145152299999234,A nadie daño cuando bebo; soy un buen tipo.,2020-09-05 07:22:51+00:00,47,765,,,,Del Rio
326,1302144651386785792,Manda mensaje,2020-09-05 07:20:52+00:00,0,1,,,,Del Rio
327,1302144380040556544,I’ve gotten so far behind on that series. Well all the series to be fair.,2020-09-05 07:19:47+00:00,0,1,,,,Del Rio
328,1302144169771757568,someone take me to ihop ,2020-09-05 07:18:57+00:00,0,4,,,,Del Rio
329,1302143663586369538,HOW THE FUCK DID I GET HERE RN @maydayparade,2020-09-05 07:16:56+00:00,0,0,@maydayparade,,,Del Rio
330,1302143646926544896,That Patricia Briggs series is good. I need to catch up on it,2020-09-05 07:16:52+00:00,0,1,,,,Del Rio
331,1302143477556314112, ,2020-09-05 07:16:12+00:00,0,0,,,,Del Rio
332,1302143245712068608,,2020-09-05 07:15:17+00:00,0,0,,,,Del Rio
333,1302143009774022658,Oh my yes!,2020-09-05 07:14:20+00:00,0,1,,,,Del Rio
334,1302142710124392449,#Gears5 #XboxShare,2020-09-05 07:13:09+00:00,1,2,,#Gears5 #XboxShare,,Del Rio
335,1302142583636885505,I,2020-09-05 07:12:39+00:00,0,0,,,,Del Rio
336,1302142544323768321,@AndreaRussett,2020-09-05 07:12:29+00:00,0,0,@AndreaRussett,,,Del Rio
337,1302142042043105280,Yooooo,2020-09-05 07:10:30+00:00,0,0,,,,Del Rio
338,1302141910497161216,No se nada en realidad; pero mirar las estrellas me hace soñar.,2020-09-05 07:09:58+00:00,0,1,,,,Del Rio
339,1302140771894587397,FINALLOW BACK AKO HAHHAHA,2020-09-05 07:05:27+00:00,0,1,,,,Del Rio
340,1302140654303182861,i pray we never have a year like this again . i pray for everyone to have a wonderful rest of year ,2020-09-05 07:04:59+00:00,0,3,,,,Del Rio
341,1302140641950879744,WEH,2020-09-05 07:04:56+00:00,0,1,,,,Del Rio
342,1302139550827974658,"Aww! Happy Birthday, Mana! ",2020-09-05 07:00:36+00:00,0,1,,,,Del Rio
343,1302139355981582336,"You're not alone, friend. We all love you so much! And you're such an inspiration to so many of us, including me! Just know that you can turn to us and God whenever life gets you down. ",2020-09-05 06:59:49+00:00,0,2,,,,Del Rio
344,1302138577053196290,Thanks,2020-09-05 06:56:43+00:00,0,0,,,,Del Rio
345,1302138219295838208,Beautifully adorable! ,2020-09-05 06:55:18+00:00,0,2,,,,Del Rio
346,1302138005348651008,*shnugs the candy wolf* ,2020-09-05 06:54:27+00:00,0,1,,,,Del Rio
347,1302137254677102593,"O al menos di quién es tu personaje favorito, a mí me gustan mucho Mother’s Milk y Frenchie",2020-09-05 06:51:28+00:00,0,0,,,,Del Rio
348,1302137117926068224,Por favor habla de ella en uno de los podcast ,2020-09-05 06:50:56+00:00,0,0,,,,Del Rio
349,1302136516068728838,My Uber ride rn smells like pickles,2020-09-05 06:48:32+00:00,0,12,,,,Del Rio
350,1302136043194519552,WHAT A GREAT FUCKING DAY.,2020-09-05 06:46:39+00:00,0,2,,,,Del Rio
351,1302135158489985024,#NW #Mulan,2020-09-05 06:43:08+00:00,0,0,,#NW #Mulan #Mulan,,Del Rio
352,1302134594272137217,Lol,2020-09-05 06:40:54+00:00,0,0,,,,Del Rio
353,1302133589933514752,Just Posted My Review Of #Tenet On My Youtube Channel (Just Search #317kidz) or Find Me On Facebook http://facebook.com/randylittlereviewsmovies and Like While You're There! Starring: #JohnDavidWashington #RobertPattinson… https://www.instagram.com/p/CEvrofnlD73/?igshid=1lz6opmbr5f4y,2020-09-05 06:36:54+00:00,0,0,,#Tenet #317kidz #JohnDavidWashington #RobertPattinson,,Del Rio
354,1302132362499821568,https://www.facebook.com/111628953539451/posts/352796332756044/?vh=e&amp;extid=iB3M5iqTluX9rl5q&amp;d=t,2020-09-05 06:32:02+00:00,0,0,,,,Del Rio
355,1302131219950448640,@TENETFilm #Review https://www.youtube.com/watch?v=bKymZ8ke8Q8&amp;feature=youtu.be #JohnDavidWashington #RobertPattinson #ElizabethDebicki #DimpleKapadia #MartinDonovan #FionaDourif #YuriKolokolnikov #HimeshPatel #ClémencePoésy #AaronTaylorJohnson #MichaelCaine #KennethBranagh #ChristopherNolan #Tenet,2020-09-05 06:27:29+00:00,0,0,@TENETFilm,#Review #JohnDavidWashington #RobertPattinson #ElizabethDebicki #DimpleKapadia #MartinDonovan #FionaDourif #YuriKolokolnikov #HimeshPatel #Cl #AaronTaylorJohnson #MichaelCaine #KennethBranagh #ChristopherNolan #Tenet,,Del Rio
356,1302129527242416129,"wey pinche vida culera, ya no la quiero",2020-09-05 06:20:46+00:00,0,1,,,,Del Rio
357,1302129031404498945,the fact that some of y’all can NOT mind your own business is crazy. like how hard is it? fucking weirdos always speaking on some shit that has nothing to do with you. but wait till something gets said or done and you won’t like it,2020-09-05 06:18:48+00:00,1,7,,,,Del Rio
358,1302128894166867968,,2020-09-05 06:18:15+00:00,0,0,,,,Del Rio
359,1302128554562318336,como no te voy a extrañar si eras mi daily chat ,2020-09-05 06:16:54+00:00,0,0,,,,Del Rio
360,1302126524049641473,Why don’t you have a name!???? Because it was you???? Or ???,2020-09-05 06:08:50+00:00,0,1,,,,Del Rio
361,1302126244163735552,"This, this is a mood",2020-09-05 06:07:43+00:00,0,0,,,,Del Rio
362,1302125688456187904,#NuevaFotoDePerfil,2020-09-05 06:05:31+00:00,0,3,,#NuevaFotoDePerfil,,Del Rio
363,1302125678696058881,i said ..,2020-09-05 06:05:28+00:00,0,2,,,,Del Rio
364,1302125318296293378,Rewatching half of the game that i missed at work with CELEBRATORY TEXAS BEER. ,2020-09-05 06:04:02+00:00,0,0,,,,Del Rio
365,1302125040545267712,¡Buenas noches! ¡Descansen! Estaremos recibiendo sus reportes el día de mañana a partir de las 07:00 hrs #Acuna,2020-09-05 06:02:56+00:00,0,0,,#Acuna,,Del Rio
366,1302124922110701569,she didn’t even sugar coat it ,2020-09-05 06:02:28+00:00,0,1,,,,Del Rio
367,1302124887851462656,Any help you could give me would be greatly appreciated! Thank you in advance!,2020-09-05 06:02:20+00:00,0,1,,,,Del Rio
368,1302124886949683205,@alli_waddington Hi Ms W. My Husband is retiring from the USAF after 23 yrs on 1 Oct. He is a DIE HARD Eagles fan and has been his whole life. I was hoping to get in touch with someone to possibly get a letter from the team that could be presented to him at his ceremony?,2020-09-05 06:02:20+00:00,0,1,@alli_waddington,,,Del Rio
369,1302124111318200320,I've never had a good IPA.,2020-09-05 05:59:15+00:00,0,0,,,,Del Rio
370,1302123988869578752,Proud lone star drinker for many years ,2020-09-05 05:58:45+00:00,0,1,,,,Del Rio
371,1302123767704031232,don’t care if u r gas lighting me u r an angel cuz u were nice to me ,2020-09-05 05:57:53+00:00,0,0,,,,Del Rio
372,1302123365851824129,https://www.instagram.com/really.bah.bah/ ,2020-09-05 05:56:17+00:00,0,2,,,,Del Rio
373,1302123312374575104,Gn ,2020-09-05 05:56:04+00:00,0,0,,,,Del Rio
374,1302122899894161408,I lovee you more ,2020-09-05 05:54:26+00:00,0,1,,,,Del Rio
375,1302122644335099905,https://twitter.com/nanisxo/status/1301780705567883265,2020-09-05 05:53:25+00:00,0,0,,,,Del Rio
376,1302122006561857536,YESSSS!!! ,2020-09-05 05:50:53+00:00,0,6,,,,Del Rio
377,1302121062088560641,@15Dalylah legs,2020-09-05 05:47:08+00:00,0,1,@15Dalylah,,,Del Rio
378,1302120947055558656,FRFR,2020-09-05 05:46:40+00:00,0,9,,,,Del Rio
379,1302120571212308480,Do it!,2020-09-05 05:45:11+00:00,0,0,,,,Del Rio
380,1302120303540072448,Meteor garden massss míralo ,2020-09-05 05:44:07+00:00,0,1,,,,Del Rio
381,1302120293943697409,the universe needs me to come cuddle well that’s odd,2020-09-05 05:44:04+00:00,0,1,,,,Del Rio
382,1302118338726952961, ⁦@brenditabonitta⁩ #TikTok,2020-09-05 05:36:18+00:00,0,0,@brenditabonitta,#TikTok,,Del Rio
383,1302117742619906048,Glad you recovered my friend! Sports are definitely a way to take your mind off of things! Take care!,2020-09-05 05:33:56+00:00,0,1,,,,Del Rio
384,1302117164720287744,“it’s the getting beat by dad for me” bitch really came for me ,2020-09-05 05:31:38+00:00,2,11,,,,Del Rio
385,1302116706278662144,Cada día me sorprendes más,2020-09-05 05:29:49+00:00,0,0,,,,Del Rio
386,1302115317422972929,,2020-09-05 05:24:18+00:00,0,4,,,,Del Rio
387,1302114678622105600,BABYBOYYYYYYYY,2020-09-05 05:21:46+00:00,0,0,,,,Del Rio
388,1302114374329470978,Por un 2021 sin coronavirus,2020-09-05 05:20:33+00:00,0,0,,,,Del Rio
389,1302114157450457090,"Cada vez que veo una publicscion, foto, historia de alguna chava que esta embarazada Yo: ""Ay ¿Por que se embarazan?""",2020-09-05 05:19:41+00:00,0,0,,,,Del Rio
390,1302114023350075394,¿Ya tienes pareja para el cypher?,2020-09-05 05:19:09+00:00,11,1210,,,,Del Rio
391,1302112820570591232,,2020-09-05 05:14:23+00:00,0,0,,,,Del Rio
392,1302112609341263872,"So grateful that they have these playoffs running in the bubble! Good luck to your squad, y’all have been insane lately it’ll be a fun one!",2020-09-05 05:13:32+00:00,0,1,,,,Del Rio
393,1302112559760388097,Mention kona? HAHAHHA,2020-09-05 05:13:20+00:00,0,1,,,,Del Rio
394,1302112493591056385,period,2020-09-05 05:13:05+00:00,0,1,,,,Del Rio
395,1302112339450384387,"No matter what happens in this next series, i’m so proud of the bois and anticipating a STANLEY CUP FINAL THIS YEAR. And finally.... #GoStars #GoStars #GoStars #GoStars #GoStars #GoStars #GoStars #GoStars #GoStars",2020-09-05 05:12:28+00:00,0,0,,#GoStars #GoStars #GoStars #GoStars #GoStars #GoStars #GoStars #GoStars #GoStars #GoStars #GoStars #GoStars #GoStars #GoStars #GoStars #GoStars #GoStars #GoStars,,Del Rio
396,1302112087523635200,"You got this! have patience, you’ll do great!",2020-09-05 05:11:28+00:00,0,2,,,,Del Rio
397,1302111922041630720,I celebrated out loud with a BUNCH of customers around me lmao such a feelgood moment. So proud of my @DallasStars and the whole crew hyping me up and letting me know what’s happening while i was busy. I haven’t seen us get this far in my entire life as a Stars fan.,2020-09-05 05:10:48+00:00,0,0,@DallasStars,,,Del Rio
398,1302111913552289792,"Edi samahan mo maligo, problema ba yun",2020-09-05 05:10:46+00:00,0,1,,,,Del Rio
399,1302111298591825921,Hahahaha kalmaaa,2020-09-05 05:08:20+00:00,0,1,,,,Del Rio
400,1302111243248037892,I’ll never forget where I was when Kiviranta scored that OT goal. I was cutting orders for my coworkers and every time one of them went up front I would say “TELL ME WHAT HAPPENS”. Finally got a quick break to catch the Stars score. SO UNBELIEVABLY hyped.,2020-09-05 05:08:07+00:00,0,0,,,,Del Rio
401,1302111029594411009,Like I’m an alcoholic also :(,2020-09-05 05:07:16+00:00,0,4,,,,Del Rio
402,1302110801663324161,I’m a little hurt that my mom goes out and drinks but doesn’t invite me ,2020-09-05 05:06:21+00:00,0,6,,,,Del Rio
403,1302110766552711173,It’s like if they had iMovie or a similar app on a handheld device... or maybe they have computers that they’re able to take wherever.. you know like a laptop but for spies.,2020-09-05 05:06:13+00:00,0,0,,,,Del Rio
404,1302110493465808896,i want white crocs ,2020-09-05 05:05:08+00:00,0,0,,,,Del Rio
405,1302109700104675329,marc habilis bakaa naalala mo tong pagtangkang pagpatay sa mga kagroupmates mo sa thesis. @itsmarckzer,2020-09-05 05:01:59+00:00,0,1,@itsmarckzer,,,Del Rio
406,1302109573973762048,"I’m EXTREMELY nervous for that series though! But whatever happens, i’m proud of my Stars ",2020-09-05 05:01:29+00:00,0,1,,,,Del Rio
407,1302109245110923266,Wey porque les cuesta hablar con la verdad y darle tantas vueltas al asunto. Se los juro que me crean demasiado conflicto.,2020-09-05 05:00:10+00:00,0,0,,,,Del Rio
408,1302108994576809984,Me estoy dando cuenta que ebrio me altero mucho y empiezo a odiar a la gente.,2020-09-05 04:59:10+00:00,0,0,,,,Del Rio
409,1302108879841566720,No más asesinos.,2020-09-05 04:58:43+00:00,0,1,,,,Del Rio
410,1302108784249262080,"Así es, no se que deserebrado lo defiende.",2020-09-05 04:58:20+00:00,0,2,,,,Del Rio
411,1302108720550342656,Jajajaja dilo sin llorar,2020-09-05 04:58:05+00:00,0,0,,,,Del Rio
412,1302108684567351298,Ya estoy harta de la tareaaaaaa,2020-09-05 04:57:57+00:00,0,0,,,,Del Rio
413,1302108669245624320,Wow I had no idea it was a full time job carry on,2020-09-05 04:57:53+00:00,0,1,,,,Del Rio
414,1302108646126628866,"Sin llorar mamita, pinche ratero asesino, te mereces mucho más tu y tu familia. Por todo el daño que hicieron. Nadie los quiere inutiles",2020-09-05 04:57:47+00:00,0,0,,,,Del Rio
415,1302108597699121154,Congrats Adriana! Good job!!! ,2020-09-05 04:57:36+00:00,0,2,,,,Del Rio
416,1302107763275898880,THIS IS SO HYPE,2020-09-05 04:54:17+00:00,0,0,,,,Del Rio
417,1302107636544999425,YOOOOOOOOOOOOO,2020-09-05 04:53:47+00:00,0,2,,,,Del Rio
418,1302105917211774976,I FUCKING LOVE DOBBY,2020-09-05 04:46:57+00:00,0,0,,,,Del Rio
419,1302105686814457857,"One hell of a series too! I was cheering, yelling, shitting my pants, etc the whole time Avs were a great team",2020-09-05 04:46:02+00:00,0,1,,,,Del Rio
420,1302105525774151681,FUCKING LMAOOOOOOO WHATS UP,2020-09-05 04:45:23+00:00,0,0,,,,Del Rio
421,1302105499572338689,una que solo intenta ayudar a que tengan una mejor vida y les vale madre :(,2020-09-05 04:45:17+00:00,0,1,,,,Del Rio
422,1302105454521319425,,2020-09-05 04:45:06+00:00,2,6,,,,Del Rio
423,1302105452595965953,Qué nervios,2020-09-05 04:45:06+00:00,0,3,,,,Del Rio
424,1302104816852762624,Sabi n'ya oks lang hihu yun lang pinanghahawakan ko ngayon:),2020-09-05 04:42:34+00:00,0,1,,,,Del Rio
425,1302104771906744320,Yo manda Dm,2020-09-05 04:42:24+00:00,0,2,,,,Del Rio
426,1302104767502581761,No fue el INE quien mandó a quitar un spot de amlo por mencionar al papa,2020-09-05 04:42:23+00:00,0,0,,,,Del Rio
427,1302103706935029760,Es autónomo no tiene porque decírtelas. ,2020-09-05 04:38:10+00:00,1,2,,,,Del Rio
428,1302103330940952576,Pickle juice,2020-09-05 04:36:40+00:00,0,1,,,,Del Rio
429,1302102990782898176,@CarlosLoret @Adela_Micha @LuisitoComunica @PatriciaNavidad @AristeguiOnline hablarán?,2020-09-05 04:35:19+00:00,0,0,@CarlosLoret @Adela_Micha @LuisitoComunica @PatriciaNavidad @AristeguiOnline,,,Del Rio
430,1302102924718485504,Damn,2020-09-05 04:35:03+00:00,0,0,,,,Del Rio
431,1302102897933643776,ah i really want whata rn /:,2020-09-05 04:34:57+00:00,3,6,,,,Del Rio
432,1302102788923691008,always pakistan,2020-09-05 04:34:31+00:00,0,0,,,,Del Rio
433,1302102543879811072,Men are trash damn,2020-09-05 04:33:33+00:00,0,1,,,,Del Rio
434,1302101893611761664,Get it!,2020-09-05 04:30:57+00:00,0,1,,,,Del Rio
435,1302101405864394752,#AziNoAnLO esTas som3tiendo al InE,2020-09-05 04:29:01+00:00,0,0,,#AziNoAnLO,,Del Rio
436,1302100886177619968,yes,2020-09-05 04:26:57+00:00,0,2,,,,Del Rio
437,1302100553762312192,Woah woah woah not even I just needed more info on the shoes you wanted ,2020-09-05 04:25:38+00:00,0,1,,,,Del Rio
438,1302100398094778368,Pues si te detuvieron. Sino ya tuvieras el partido el día de hoy.,2020-09-05 04:25:01+00:00,1,3,,,,Del Rio
439,1302100327366189057,Hoy hubo justicia en México! @FelipeCalderon y @Mzavalagc no volverán a robar! #mazafecal #INECorrupto #quienpompo #MessiSeQueda #MexicoLibre #BrozoyLoret,2020-09-05 04:24:44+00:00,0,1,@FelipeCalderon @Mzavalagc,#mazafecal #INECorrupto #quienpompo #MessiSeQueda #MexicoLibre #BrozoyLoret,,Del Rio
440,1302100033618272261,"I’ve gotten one every year for the last 8 years. Not necessarily for my benefit but because I don’t want to be responsible for giving it to someone else, especially a Senior like myself or my 78 year old hubby. This year for my benefit too because of COVID19. It’s worked for me.",2020-09-05 04:23:34+00:00,0,0,,,,Del Rio
441,1302099830886379520,Tomas una nap con el amor de tu vida y se te reinicia la vida <33,2020-09-05 04:22:46+00:00,0,2,,,,Del Rio
442,1302099664217321473,El día de hoy regrese a Twitter porque en Facebook salió la noticia que le negaron el partido a #FeCal Jajajajajajjajaja y otros Jajajajajajjajaja Ahora si regreso a Facebook. #MexicoLibreNoVa ,2020-09-05 04:22:06+00:00,0,0,,#FeCal #MexicoLibreNoVa,,Del Rio
443,1302099133906341888,Ahora hasta el INE está con amlo? ,2020-09-05 04:20:00+00:00,0,1,,,,Del Rio
444,1302098716581658626,Increíble. Excelente decisión,2020-09-05 04:18:20+00:00,0,0,,,,Del Rio
445,1302098585346076673,Santos de ,2020-09-05 04:17:49+00:00,0,0,,,,Del Rio
446,1302098524436344832,https://www.instagram.com/p/CEvbZ2qh-0q/?igshid=du16yxx3oyg6,2020-09-05 04:17:34+00:00,0,1,,,,Del Rio
447,1302098517960331264,back to work monday.,2020-09-05 04:17:33+00:00,11,18,,,,Del Rio
448,1302098358400679937,@INEMexico Niega a @FelipeCalderon Y @Mzavalagc ser un partido político y se quedan como organización @MexicoLibreVa https://www.instagram.com/p/CEvbZ2qh-0q/?igshid=du16yxx3oyg6 #MexicoLibreNoVa #CalderonEsUnPeligroParaMexico #BrozoyLoretsonundesfalco,2020-09-05 04:16:55+00:00,0,1,@INEMexico @FelipeCalderon @Mzavalagc @MexicoLibreVa,#MexicoLibreNoVa #CalderonEsUnPeligroParaMexico #BrozoyLoretsonundesfalco,,Del Rio
449,1302098343422812163,Absolutely beautiful piece here! X3,2020-09-05 04:16:51+00:00,0,1,,,,Del Rio
450,1302097652696469511,*hugs bunches* ,2020-09-05 04:14:06+00:00,0,1,,,,Del Rio
451,1302095687539187713,Hermosa!!! ,2020-09-05 04:06:18+00:00,0,0,,,,Del Rio
452,1302095391291248641,@AwesomEmergency you should play the avengers game and post it on YouTube!!,2020-09-05 04:05:07+00:00,0,0,@AwesomEmergency,,,Del Rio
453,1302094144106631168,@RLunawx &amp; @RenoLuna3 Let’s go!,2020-09-05 04:00:10+00:00,0,0,@RLunawx @RenoLuna3,,,Del Rio
454,1302093976086802432,Siento que si fuera un demonio sería Asmodeus ustedes?,2020-09-05 03:59:30+00:00,0,0,,,,Del Rio
455,1302092811538370561,"Una excelente decisión, los felicito por tan grande y aceptable resultado, gracias a Dios este hombre que tanto daño hizo y tanto robo.",2020-09-05 03:54:52+00:00,0,2,,,,Del Rio
456,1302092678545408000,"Hahaha wow I love you, I will drink more water and electrolytes. I promise ",2020-09-05 03:54:20+00:00,0,4,,,,Del Rio
457,1302091378822909952,Screen Rant stay taking Ls ,2020-09-05 03:49:11+00:00,0,0,,,,Del Rio
458,1302091299172921347,Que mamadora jajajaja,2020-09-05 03:48:52+00:00,0,0,,,,Del Rio
459,1302091058625609736,#shady ,2020-09-05 03:47:54+00:00,0,0,,#shady,,Del Rio
460,1302091022005084160,El @INEMexico nos acaba de librar de tener un narco partido en las boletas electorales.,2020-09-05 03:47:45+00:00,0,0,@INEMexico,,,Del Rio
461,1302090661374631936,Desatapate un Bacardi y ponte a llorar. Asesino.,2020-09-05 03:46:20+00:00,0,0,,,,Del Rio
462,1302090486090477569,#propoganda,2020-09-05 03:45:38+00:00,0,0,,#propoganda,,Del Rio
463,1302090393518047239,"We love it! It’s the perfect amount of diapers a month for my girl. When we were on our last pack we got our next months subscription. I even pushed it back a week to line up with out payday. We did run out of wipes faster, but we use wipes for everyone in the house. I recommend!",2020-09-05 03:45:16+00:00,0,0,,,,Del Rio
464,1302089984007176192,#plandemic,2020-09-05 03:43:38+00:00,0,0,,#plandemic,,Del Rio
465,1302089481001078784,Simp,2020-09-05 03:41:38+00:00,0,1,,,,Del Rio
466,1302088980058517504,Te quiero mucho estoy para cualquier cosa ,2020-09-05 03:39:39+00:00,0,1,,,,Del Rio
467,1302088903340380160,Todo va a estar bien bb ,2020-09-05 03:39:20+00:00,0,1,,,,Del Rio
468,1302088816623333378,. – at The Home Depot,2020-09-05 03:39:00+00:00,0,0,,,,Del Rio
469,1302088707156119552,¿Que se sentirá tener pestañas largas y bonitas? :c,2020-09-05 03:38:34+00:00,0,1,,,,Del Rio
470,1302088329710755842,no i’m at home depot,2020-09-05 03:37:04+00:00,0,2,,,,Del Rio
471,1302087390585147392,in this bitch – at The Home Depot,2020-09-05 03:33:20+00:00,8,39,,,,Del Rio
472,1302087371794640899,It’s okay everyone has their opinions! ,2020-09-05 03:33:15+00:00,0,1,,,,Del Rio
473,1302086773439426560,And I’m not even funny ,2020-09-05 03:30:53+00:00,0,3,,,,Del Rio
474,1302086254473940997,OMG YOU LOOK SO BEAUTIFUL,2020-09-05 03:28:49+00:00,0,1,,,,Del Rio
475,1302085724901117952,Que rico se ve todo eso,2020-09-05 03:26:43+00:00,0,0,,,,Del Rio
476,1302083774348484617,I respect harden cause he go and get 50 but he ain’t dropping no 50 in a game 6 or 7 . Lakers in 5,2020-09-05 03:18:58+00:00,0,0,,,,Del Rio
477,1302082986083577856,Ihop @IHOP https://www.instagram.com/p/CEvUpeMlOYZ/?igshid=lws6lyzh51ev,2020-09-05 03:15:50+00:00,0,0,,,,Del Rio
478,1302082131498213376,VULGARES LADRONES #INECorrupto,2020-09-05 03:12:26+00:00,0,0,,#INECorrupto,,Del Rio
479,1302081935032942592,OWWWW I FELT THAT,2020-09-05 03:11:39+00:00,0,2,,,,Del Rio
480,1302081120490500098,CORRUPTO!! VIVIDOR!!#INECorrupto,2020-09-05 03:08:25+00:00,0,0,,#INECorrupto,,Del Rio
481,1302081021551181824,We do :),2020-09-05 03:08:01+00:00,0,0,,,,Del Rio
482,1302080902479085568,#FortalezaExatlon Ernesto demostrando un buen fair play. Algo que el equipo rojo claramente desconoce. Bien por los azules.,2020-09-05 03:07:33+00:00,2,2,,#FortalezaExatlon,,Del Rio
483,1302080783230799873,CORRUPTOS!!!,2020-09-05 03:07:04+00:00,0,0,,,,Del Rio
484,1302080775135862784,@gonzales_008 i miss you :(,2020-09-05 03:07:02+00:00,1,1,@gonzales_008,,,Del Rio
485,1302079817903300608,Los narcos han vuelto a poner a #FelipeElOscuro a la política #INECorrupto,2020-09-05 03:03:14+00:00,2,2,,#FelipeElOscuro #INECorrupto,,Del Rio
486,1302079526109757440,Dios si tiene sus favoritos!! ,2020-09-05 03:02:05+00:00,0,1,,,,Del Rio
487,1302079175017279490,Gurl same!! ,2020-09-05 03:00:41+00:00,0,0,,,,Del Rio
488,1302078065066074115,Only drink it during Christmas season. Though I do love pumpkin pie during this time! ,2020-09-05 02:56:16+00:00,0,2,,,,Del Rio
489,1302076637450850305,Somewhere down the line you'll look back and say you did the best that you could and you’ll be wrong,2020-09-05 02:50:36+00:00,0,0,,,,Del Rio
490,1302074946324180992,That’s playoff jimmy ,2020-09-05 02:43:53+00:00,0,0,,,,Del Rio
491,1302074658880204802,@The_OA,2020-09-05 02:42:44+00:00,0,0,@The_OA,,,Del Rio
492,1302073870258642944,hindi mo alam gaano ako kasaya ngayon Marc @itsmarckzer,2020-09-05 02:39:36+00:00,0,1,@itsmarckzer,,,Del Rio
493,1302073607548538880,Friday night @Buzzard Roost https://www.instagram.com/p/CEvQYn5F7b1/?igshid=1np2qpu3yikgb,2020-09-05 02:38:34+00:00,0,0,,,,Del Rio
494,1302072631378817025,omg girllll,2020-09-05 02:34:41+00:00,0,1,,,,Del Rio
495,1302071125099380736,Mmm I want spaghetti now,2020-09-05 02:28:42+00:00,1,1,,,,Del Rio
496,1302069552306507777,No hay un momento que no esta pensando en ti,2020-09-05 02:22:27+00:00,0,0,,,,Del Rio
497,1302068948377235456,"Todos bien, gracias a dios ",2020-09-05 02:20:03+00:00,0,0,,,,Del Rio
498,1302067475303948288,Last day of work before a 3 day weekend always seems to be the slowest,2020-09-05 02:14:12+00:00,0,1,,,,Del Rio
499,1302066867264086016,@ElKrakenLive Quiubo que te dije,2020-09-05 02:11:47+00:00,0,0,@ElKrakenLive,,,Del Rio
500,1302065895049768960,Que bonito es que sea viernes y saber que tienes todo el fin de semana libre pa subir a Champs con tus compás :3,2020-09-05 02:07:55+00:00,0,0,,,,Del Rio
501,1302065668238594050,y estos quienes son?,2020-09-05 02:07:01+00:00,0,0,,,,Del Rio
502,1302065526345289728,,2020-09-05 02:06:27+00:00,0,8,,,,Del Rio
503,1302065496032980992, ,2020-09-05 02:06:20+00:00,0,0,,,,Del Rio
504,1302064763409702917,2 more spots left! ,2020-09-05 02:03:25+00:00,0,1,,,,Del Rio
505,1302064367517696002,My girl said she need a SCUF controller to play Fall Guys LMAOOO,2020-09-05 02:01:51+00:00,0,4,,,,Del Rio
506,1302064001401184260,Por fin #ViernesBotanero con el jefe ,2020-09-05 02:00:23+00:00,0,0,,#ViernesBotanero,,Del Rio
507,1302063456045203459,Dios contigo amiga!! Cómo está Jorge y los niños?? Tu familia?,2020-09-05 01:58:13+00:00,0,0,,,,Del Rio
508,1302063077001777153,En insta! Fue algo chiquito pero hasta que gané ,2020-09-05 01:56:43+00:00,0,1,,,,Del Rio
509,1302062407381123074,"Nooo, es un ángel mi bebe ",2020-09-05 01:54:03+00:00,0,0,,,,Del Rio
510,1302062183019356160,"yo lloro por lo mucho que te amo, ¿cuenta?",2020-09-05 01:53:10+00:00,0,0,,,,Del Rio
511,1302062122227118080,Jajajajajajajajajaja nombre soy una santa ,2020-09-05 01:52:55+00:00,0,0,,,,Del Rio
512,1302061405215039493,Jugar full rush en arena es mi pasión,2020-09-05 01:50:04+00:00,0,0,,,,Del Rio
513,1302061169864253443,Dondeee!? Que padre ,2020-09-05 01:49:08+00:00,0,1,,,,Del Rio
514,1302061024418435072,"Me duele la espalda horribleeeeee, jamás había sentido esto ",2020-09-05 01:48:34+00:00,1,6,,,,Del Rio
515,1302060979409346560,"For the cult it’s Russia, Fox Trump repeat.",2020-09-05 01:48:23+00:00,0,0,,,,Del Rio
516,1302060949654908929,Mucho? 2 días?,2020-09-05 01:48:16+00:00,0,0,,,,Del Rio
517,1302060388750680064,"Holy crap that’s what Russia has been saying to America, way to put America last. Oh person man woman camera tv. Yeah he’s been lost for a year or two. But keep spouting russia, comrade. Done with this troll.",2020-09-05 01:46:02+00:00,0,1,,,,Del Rio
518,1302059864856956931,"No speaking of not getting their way, trump throws twitter tantrums every time someone even thinks he’s wrong about something. Kinda hilarious that anyone would talk about not getting what they want. I guess they don’t understand irony. The trump cult is a waste of time",2020-09-05 01:43:57+00:00,0,1,,,,Del Rio
519,1302059430268280835,"Yet the trump supporters always believe claims with zero facts, Trump doesn’t back up any of his claims. So that argument is done and gone. The sheep of trump don’t even realize they are sheep. Gotta admit a scripted reality show host conned them well.",2020-09-05 01:42:13+00:00,0,0,,,,Del Rio
520,1302058919796322305,"Well he gets extra points for person man woman camera tv. What funny is every time they talk about Biden and dementia they are directly quoting Russia, and don’t even know it. Ya know ecery American intelligence agency is reporting that, well accept for the unintelligent trump",2020-09-05 01:40:12+00:00,0,0,,,,Del Rio
521,1302058054129655808,Cobra Kai. Yes.,2020-09-05 01:36:45+00:00,0,0,,,,Del Rio
522,1302058025474314241,Most def looking at russia wrong.,2020-09-05 01:36:38+00:00,0,0,,,,Del Rio
523,1302057851561672705,I feel that..... you are right “wins”,2020-09-05 01:35:57+00:00,0,0,,,,Del Rio
524,1302057711375249408,Tenemos presidente!!,2020-09-05 01:35:24+00:00,0,0,,,,Del Rio
525,1302057238069219328,"Pero aquí también sale la importancia de porque se les decia que se quedaran en sus casas antes, para que este pedo no se alargara y los negocios pudieran sobrevivir....",2020-09-05 01:33:31+00:00,0,0,,,,Del Rio
526,1302057018430111744,Solo 8.2% proviene del narco? Yo creo que es muchísimo mas,2020-09-05 01:32:38+00:00,0,0,,,,Del Rio
527,1302056760237322241,Ay olvidaba cuanto me mama “The Boys” ,2020-09-05 01:31:37+00:00,0,1,,,,Del Rio
528,1302056031850176512,Hidden classics! #SNES #NintendoSwitch,2020-09-05 01:28:43+00:00,0,1,,#SNES #NintendoSwitch,,Del Rio
529,1302055064891252736,no filter – at Middle Of Nowhere,2020-09-05 01:24:53+00:00,1,7,,,,Del Rio
530,1302055061061644290,"Que esperabas, es huele a miados ",2020-09-05 01:24:52+00:00,0,0,,,,Del Rio
531,1302054862142742528,"Marvel avengers it's time to suit up I'm live on Twitch, come hang out!",2020-09-05 01:24:04+00:00,1,1,,,,Del Rio
532,1302054856304152576,Bravo !!,2020-09-05 01:24:03+00:00,0,0,,,,Del Rio
533,1302054211815841793,"sirve y subes ""si te vuelvo a ver"" ",2020-09-05 01:21:29+00:00,0,0,,,,Del Rio
534,1302053807371755521,"#LosRiesgosDeMigrar El viceministro Eduardo Hernández pide a los guatemaltecos no dejarse engañar por los ""coyotes"" que están utilizando las redes sociales para vender falsas promesas, estafar y extorsionar a las personas. No arriesgues tu vida ni tu patrimonio. #AquíParaTi ",2020-09-05 01:19:53+00:00,0,1,,#LosRiesgosDeMigrar #Aqu,,Del Rio
535,1302052430717374464,HAHAHAHAHAHAH WHAT? ,2020-09-05 01:14:25+00:00,0,1,,,,Del Rio
536,1302052209690058754,Jaime: babe let me take a picture of you Me: take another one I look fat Jaime: you look great you’re 12 months pregnant ,2020-09-05 01:13:32+00:00,0,36,,,,Del Rio
537,1302051810203578374,Bucks better figure it out,2020-09-05 01:11:57+00:00,0,0,,,,Del Rio
538,1302051699906019328,"El battlepass va a esperar con tremendo baile ""Say So"" ",2020-09-05 01:11:30+00:00,0,0,,,,Del Rio
539,1302051631115177984,That’s pretty fire,2020-09-05 01:11:14+00:00,0,0,,,,Del Rio
540,1302051291548602368,1 Seed about to get swept? #NBAPlayoffs,2020-09-05 01:09:53+00:00,0,0,,#NBAPlayoffs #NBAPlayoffs,,Del Rio
541,1302051067769901056,@YoCryx @TheRusito420 @angelgmtz09,2020-09-05 01:09:00+00:00,0,0,@YoCryx @TheRusito420 @angelgmtz09,,,Del Rio
542,1302050716362571776,Y a ti te había tocado nomas la de ganar !,2020-09-05 01:07:36+00:00,0,1,,,,Del Rio
543,1302050217383153667,DONT SLEEP ON THOSE BOYS IN MIAMI #Heattwitter,2020-09-05 01:05:37+00:00,1,4,,#Heattwitter #Heattwitter,,Del Rio
544,1302049188033622016,Jajajajaja hijo de la chingada ve empezando a desvestirse ,2020-09-05 01:01:31+00:00,0,1,,,,Del Rio
545,1302046007895572480,Y por que me hablas así? ,2020-09-05 00:48:53+00:00,0,0,,,,Del Rio
546,1302045510262382592,Todos los días a partir de hoy.,2020-09-05 00:46:55+00:00,0,1,,,,Del Rio
547,1302043973725425665,Alright Adriana...,2020-09-05 00:40:48+00:00,0,1,,,,Del Rio
548,1302042967260135424,The lights for my room just got here and I’m excited but Lowkey I’m scared I’ll mess it up ,2020-09-05 00:36:48+00:00,0,3,,,,Del Rio
549,1302042437490270209,Way to go Adriana!!! Congratulations!!!,2020-09-05 00:34:42+00:00,0,2,,,,Del Rio
550,1302042425289039873,Shut up.,2020-09-05 00:34:39+00:00,0,0,,,,Del Rio
551,1302042330980114432, ,2020-09-05 00:34:17+00:00,0,1,,,,Del Rio
552,1302039540669054977,@diplo #bidiot @JoeBiden,2020-09-05 00:23:11+00:00,0,0,@diplo @JoeBiden,#bidiot,,Del Rio
553,1302039026182926337, !!! https://twitter.com/DallasStars/status/1302030801241071616,2020-09-05 00:21:09+00:00,0,0,,,,Del Rio
554,1302038693092511744,i wishh there was a mall up in this bitch... ,2020-09-05 00:19:49+00:00,0,0,,,,Del Rio
555,1302037777022963714,I’d like to hear the results of your findings,2020-09-05 00:16:11+00:00,0,1,,,,Del Rio
556,1302037696160755714," #Coronavirus | Panorama en #México al #Viernes 04 de #Septiembre2020 • 623,090 casos #Confirmados (6,196 más que ayer) • 66,851 #Defunciones (522 más que ayer) • 85,792 casos sospechosos #Pandemia #Covid19 #RTNews",2020-09-05 00:15:52+00:00,2,4,,#Coronavirus #M #Viernes #Septiembre2020 #Confirmados #Defunciones #Pandemia #Covid19 #RTNews,,Del Rio
557,1302037495207661568,Muchas felicidades amiga Secretaria @SofyCamil un abrazo desde la Tierra de la Amistad. Feliz cumpleaños.,2020-09-05 00:15:04+00:00,1,4,@SofyCamil,,,Del Rio
558,1302037347756920833,,2020-09-05 00:14:29+00:00,0,1,,,,Del Rio
559,1302036710029549568,Gracias ,2020-09-05 00:11:57+00:00,0,1,,,,Del Rio
560,1302035467521724418,some costillas would be bomb rn ,2020-09-05 00:07:00+00:00,0,0,,,,Del Rio
561,1302035414870523905,*gibs da roo all da hugs* ,2020-09-05 00:06:48+00:00,0,3,,,,Del Rio
562,1302034607903322113,#RT @SRE_mx: Participa en el Primer Concurso de Ensayo Universitario sobre Política Exterior Feminista. Consulta las bases en https://bit.ly/2GnXp1E,2020-09-05 00:03:35+00:00,0,0,@SRE_mx,#RT,,Del Rio
563,1302034439858466822,Going live in 10min with a DJ set! It's been too long!!,2020-09-05 00:02:55+00:00,0,0,,,,Del Rio
