date,username,to,replies,retweets,favorites,text,geo,mentions,hashtags,id,permalink
2020-05-31 23:58:07,i_am_mr_krabs,,0,0,2,"If you're alarmed by Texas' new COVID cases today, don't be. Noisy data, massive report of cases from prisons in Walker and Jones counties.",,,,1267243994410627072,https://twitter.com/i_am_mr_krabs/status/1267243994410627072
2020-05-31 23:40:08,WhiteboyChocol1,,0,0,0,"For you that protested getting out of the house during the COVID-19 lockdown... Texas reported 1,949 more cases of new coronavirus Sunday - highest increase since Texas began reporting coronavirus case counts. In last week, Texas reported an average of 1,277 new cases per day.",,,,1267239471608737794,https://twitter.com/WhiteboyChocol1/status/1267239471608737794
2020-05-31 23:35:15,DUCNGUY26875563,,0,0,0,"Tiểu bang Texas đang mạnh dạn mở cửa trở lại - Covid là thật nhưng người... https://youtu.be/jv5QeCvx2n0 via @YouTube",,@YouTube,,1267238242308546561,https://twitter.com/DUCNGUY26875563/status/1267238242308546561
2020-05-31 23:30:03,AlDiaDallas,,0,0,0," #Coronavirus | Condado de #Dallas reportó el domingo 228 nuevos casos de covid-19; hubo casi 2,00 nuevos casos en Texas. https://www.dallasnews.com/espanol/al-dia/dallas-fort-worth/2020/05/31/dallas-contagios-de-covid-19-superan-los-200-en-el-condado-por-cuarto-dia-consecutivo-reportan-2000-nuevos-casos-en-texas/",,,#Coronavirus #Dallas,1267236933111078919,https://twitter.com/AlDiaDallas/status/1267236933111078919
2020-05-31 23:25:08,cadamsKXAN,,1,1,1,"Texas reported a new record high number of new COVID-19 cases today, 1,949. The previous high was 1,855 this past Thursday. Our 7-day average is now 1,277. @KXAN_News",,@KXAN_News,,1267235693589299202,https://twitter.com/cadamsKXAN/status/1267235693589299202
2020-05-31 23:24:16,cadamsKXAN,,1,0,0,"Here are the latest COVID-19 numbers in Texas, as of May 31: - 64,287 cases reported to @TexasDSHS (+1,949 over yesterday) - 1,672 deaths (+24) - 1,684 current hospitalizations (-68) - estimated 42,423 recovered (+772) - estimated 20,192 active cases (+1,153) @KXAN_News",,@TexasDSHS @KXAN_News,,1267235477549178880,https://twitter.com/cadamsKXAN/status/1267235477549178880
2020-05-31 23:22:15,Boomsha41924076,realDonaldTrump,0,0,0,"""Several children at Texas Children’s Hospital have multisystem inflammatory syndrome linked to COVID-19"" ",,,,1267234969237237760,https://twitter.com/Boomsha41924076/status/1267234969237237760
2020-05-31 23:20:29,dannon2010,ZackBornstein,0,0,0,"Riiiight. 1500 dead from COVID in Texas out of 29,000,000. That’s a .0000539% chance of death from COVID in Texas. How many murders in Chicago alone last year? One CITY. 800. 3 million people. That’s .00029 % chance of death. Much higher and over decades.",,,,1267234523546345472,https://twitter.com/dannon2010/status/1267234523546345472
2020-05-31 23:16:04,KAMRLocal4News,,0,0,0,"The Texas Department of State Health Services is confirming 82 more cases of COVID-19 in Moore County. ",,,,1267233411447619585,https://twitter.com/KAMRLocal4News/status/1267233411447619585
2020-05-31 23:13:51,MichaleParish,,0,1,0,"#Texas Man Charged with $5 Million #COVID-Relief #Fraud",,,#Texas #COVID #Fraud,1267232856578949120,https://twitter.com/MichaleParish/status/1267232856578949120
2020-05-31 23:07:08,ElecEngr625,SoftbalAmerica,0,0,2,"@RaginCajunsSB split LSU, Texas, Ok St and beat UF 2-1 in 3 game series before COVID they would be in WCWS this year for sure",,@RaginCajunsSB,,1267231167109087232,https://twitter.com/ElecEngr625/status/1267231167109087232
2020-05-31 23:02:02,SimonCotter62,,2,2,17,"Texas has delcaired a State of Emergency. According to my relos there. Covid doesnt seem to affect protesters worlds going mad. Sigh... im gunna shovel 10 tons of crushed concrete",,,,1267229881831546880,https://twitter.com/SimonCotter62/status/1267229881831546880
2020-05-31 23:01:33,TexasTribune,,4,14,20,"Number of coronavirus tests administered in Texas: 951,865 Number of Texans testing positive for the virus: 64,287 Number of Texans who have died from COVID-19: 1,672 ",,,,1267229761870475265,https://twitter.com/TexasTribune/status/1267229761870475265
2020-05-31 23:01:30,NoahBasham3,EliotNace,2,0,1,"Yeah I asked her why his death was racist and she kept dodging the point And yes i do say they should've since we need to stop these riots and protests. First COVID-19 And now this I'm just glad Texas hasn't had some stupid shit like Chicago or New York",,,,1267229748268355587,https://twitter.com/NoahBasham3/status/1267229748268355587
2020-05-31 23:01:25,EdEspinoza,,0,8,2,"Texas set another record on covid cases today, up from the previous high set two days ago: ",,,,1267229728513167360,https://twitter.com/EdEspinoza/status/1267229728513167360
2020-05-31 23:00:06,News_Messenger,,0,0,1,"The Chick-fil-A on East Texas Baptist University’s campus will reopen to the public on Wednesday, June 3 after remaining closed due to the COVID-19 pandemic. The popular food chain is located inside the Ornelas Student Center on campus. ",,,,1267229394487173120,https://twitter.com/News_Messenger/status/1267229394487173120
2020-05-31 23:00:01,KAMCNews,,0,0,1,"AUSTIN, Texas (AP) — Texas health officials say the number of confirmed COVID-19 cases in the state rose by nearly 2,000 Sunday and there were another 24 deaths tied to the disease caused by the new coronavirus. ",,,,1267229372387340295,https://twitter.com/KAMCNews/status/1267229372387340295
2020-05-31 22:52:06,SMetzenrath,,0,0,0,"@LisaMillar @abcnews Fact check - please refer to 'global influenza pandemic' &amp; not 'the Spanish Flu'. It started in Texas, Spain was the first country to report it...the equivalent would be to refer to COVID-19 as the Chinese disease- not on!",,@LisaMillar @abcnews,,1267227381439197184,https://twitter.com/SMetzenrath/status/1267227381439197184
2020-05-31 22:48:02,judy_jpmccoyusa,MrsMabarbear,0,0,0,"Must be it was not until washington state was the hotspot that he restricted flights from China . But you could fly from China to Africa to Texas no problem . And according to Trump It was the previous administrans fault the left him with no testsing suplies for Covid-19.",,,,1267226356900913154,https://twitter.com/judy_jpmccoyusa/status/1267226356900913154
2020-05-31 22:42:43,Texasgemi,JenRodbowers,2,0,1,"Texas declaring deaths as pneumonia instead of COVID. ",,,,1267225022055231490,https://twitter.com/Texasgemi/status/1267225022055231490
2020-05-31 22:42:35,Critbuff,destiny_thememe,1,0,2,"Hopefully you get the chance after all this craziness with COVID is over with. Also tons of other great places to eat, too! Everything from Texas BBQ to Hawaiin BBQ and everything else you can think of.",,,,1267224989058478081,https://twitter.com/Critbuff/status/1267224989058478081
2020-05-31 22:41:17,SafetyMentalst,SafetyMentalst,0,1,2,"#Texas When We loose ""Law and Order "" It's All Over ! First Loose #Civic Responsibility ! Then the #COVID Battle ! #StockMarket $$$! Without ""Law and Order"" It's All Over ! @SafetyMentalst",,@SafetyMentalst,#Texas #Civic #COVID #StockMarket,1267224661475102725,https://twitter.com/SafetyMentalst/status/1267224661475102725
2020-05-31 22:39:53,SantiWest100,WyattWyattnr,1,0,0,"We don’t know how the election will turn out not the relevance of the debates. Debates aren’t the be all for an election by the way. We are also in unprecedented times with Covid, economic crash and race relations. I have no idea how things will turn out. All up in the air.",,,,1267224309610827776,https://twitter.com/SantiWest100/status/1267224309610827776
2020-05-31 22:37:08,SafetyMentalst,stiCKYnades,0,1,1,"#Texas When We loose ""Law and Order "" It's All Over ! First Loose #Civic Responsibility ! Then the #COVID Battle ! #StockMarket $$$! Without ""Law and Order"" It's All Over ! @SafetyMentalst",,@SafetyMentalst,#Texas #Civic #COVID #StockMarket,1267223616401350656,https://twitter.com/SafetyMentalst/status/1267223616401350656
2020-05-31 22:36:15,SafetyMentalst,937thebeat,1,2,2,"#Texas When We loose ""Law and Order "" It's All Over ! First Loose #Civic Responsibility ! Then the #COVID Battle ! #StockMarket $$$! Without ""Law and Order"" It's All Over ! @SafetyMentalst",,@SafetyMentalst,#Texas #Civic #COVID #StockMarket,1267223394220740608,https://twitter.com/SafetyMentalst/status/1267223394220740608
2020-05-31 22:36:01,HarlingenEDC,,0,0,0,"Latest updates to our COVID-19 Resource page for employers, business owners, and employees: Main Street Lending program, Texas Labor Market, Texas Jobs, Texas Skills Development Fund, Texas Anti-Discrimination laws during a pandemic, and more: https://bit.ly/2JpmFmF",,,,1267223333902454788,https://twitter.com/HarlingenEDC/status/1267223333902454788
2020-05-31 22:34:57,SafetyMentalst,stiCKYnades,0,1,1,"#Texas When We loose ""Law and Order "" It's All Over ! First Loose #Civic Responsibility ! Then the #COVID Battle ! #StockMarket $$$! Without ""Law and Order"" It's All Over ! @SafetyMentalst",,@SafetyMentalst,#Texas #Civic #COVID #StockMarket,1267223066049941504,https://twitter.com/SafetyMentalst/status/1267223066049941504
2020-05-31 22:32:56,SafetyMentalst,,0,1,1,"#Texas When We loose ""Law and Order "" It's All Over ! First Loose #Civic Responsibility ! Then the #COVID Battle ! #StockMarket $$$! Without ""Law and Order"" It's All Over ! #HoustonProtests @SafetyMentalst",,@SafetyMentalst,#Texas #Civic #COVID #StockMarket #HoustonProtests,1267222557448691714,https://twitter.com/SafetyMentalst/status/1267222557448691714
2020-05-31 22:27:29,gzibordi,business,1,12,24,"il Texas ha riaperto quasi tutto già da un mese niente contagi e niente decessi o ospedalizzazioni il Covid sparisce ovunque in due mesi ",,,,1267221187454742528,https://twitter.com/gzibordi/status/1267221187454742528
2020-05-31 22:17:29,Magicfreak2Mark,NateSilver538,0,0,0,"Why no mention that covid tracker dumped 2 days worth of Texas data in 1 report? Ma. You people are dishonest and corrupt good lord!!",,,,1267218670595514375,https://twitter.com/Magicfreak2Mark/status/1267218670595514375
2020-05-31 22:11:01,CJ_Feher,COVID19Tracking,2,0,4,"But aren't several red states, like Florida and Texas, vastly underreporting their number of COVID-19 deaths by classifying the cause of death a pneumonia instead? They can't allow trump to look like an emperor with no clothes on.",,,,1267217043390005250,https://twitter.com/CJ_Feher/status/1267217043390005250
2020-05-31 22:05:10,SoyunVacio,,0,0,4,".@lopezobrador_ , mi dos veces presidente. Es nuestra oportunidad para recuperar Texas y California. Despliegue el ejército en las fronteras. Están looteando todo, no tienen cómo defenderse, ni dónde comprar comida, y pronto se van a morir de covid por juntarse tanto.",,@lopezobrador_,,1267215569373351936,https://twitter.com/SoyunVacio/status/1267215569373351936
2020-05-31 22:03:45,JJakobDesign,TexasCovid,2,0,0,"TEXAS RECORD COVID-19 CASES FOR A DAY 1,949 ",,,,1267215214023454720,https://twitter.com/JJakobDesign/status/1267215214023454720
2020-05-31 22:03:43,tommyboy0690,,0,0,0,"Texas Bar Faces Backlash For Banning Patrons From Wearing Face Masks In Effort To Curb 'Wannabe Snitch Patrols' https://www.comicsands.com/texas-bar-bans-face-masks-2646118327.html It would be just awful if every single customer contracts the Covid-19 virus and infects their entire family where half of them die.",,,,1267215203999023107,https://twitter.com/tommyboy0690/status/1267215203999023107
2020-05-31 22:00:18,TexasRealFood,,0,0,2,"#TheLoneStarPlate's guest today is #Chef Jon Thompson. He was to open the @YBSouthern at the new #Dallas location. However, COVID-19 #pandemic has affected his plans, so we caught up to chat about what he is up to now. #texasrealfood #texas #podcast",,@YBSouthern,#TheLoneStarPlate #Chef #Dallas #pandemic #texasrealfood #texas #podcast,1267214344372314112,https://twitter.com/TexasRealFood/status/1267214344372314112
2020-05-31 21:56:47,bullybasher4you,,0,1,9,"I love my little piece of Texas. No covid 19, no rioters or protesters, just just piece and quiet ",,,,1267213462381514754,https://twitter.com/bullybasher4you/status/1267213462381514754
2020-05-31 21:53:33,TexasCovid,,5,9,16,"UPDATE: Daily Texas COVID-19 Count May 31st, 2020 New Cases - 1,949 (Record #of daily cases) New Fatalities - 24 Hospitalizations - 1,684 (-68 from prior day) #covid19 #coronavirus #texas #tx #covidtexas #texascovid",,,#covid19 #coronavirus #texas #tx #covidtexas #texascovid,1267212647277244418,https://twitter.com/TexasCovid/status/1267212647277244418
2020-05-31 21:52:49,fcubillom,fcubillom,1,1,10,"This aged well. Además de que las protestas son el precedente de una ola de covid indecente sobre un sistema que no está listo para atenderlas, también siento que es cuestión de tiempo para que algún estado decida seguir el camino separatista. Pongo 5 rojos en Texas y California. ",,,,1267212463130501121,https://twitter.com/fcubillom/status/1267212463130501121
2020-05-31 21:49:36,rondaracha,GOOCHAVELI,1,0,0,"I'm hella nervous. I don't want to lose neither one of em. Beenie and Bounty live in a country with 9 COVID deaths. 9. This is the US and Texas too right?",,,,1267211651633348612,https://twitter.com/rondaracha/status/1267211651633348612
2020-05-31 21:49:29,kurteichenwald,JudgeClayJ,22,54,126,"This is why I believe @JudgeClayJ is the best official in Texas, and the manI hope will be our governor someday. Takes COVID seriously, keeps us informed, speaks warmly on protests while adding in ""here is how to keep yourself safe from COVID while protesting."" Read whole thread. ",,@JudgeClayJ,,1267211625603502080,https://twitter.com/kurteichenwald/status/1267211625603502080
2020-05-31 21:42:23,_wordsofwisdumb,,0,0,0," New Podcast! ""Episode 112: Dallas Riots"" on @Spreaker #art #cnn #cops #corona #covid #dallas #dfw #downtown #fights #houston #la #mob #movies #murder #music #newyork #protest #riot #texas #vintage",,@spreaker,#art #cnn #cops #corona #covid #dallas #dfw #downtown #fights #houston #la #mob #movies #murder #music #newyork #protest #riot #texas #vintage,1267209839182254080,https://twitter.com/_wordsofwisdumb/status/1267209839182254080
2020-05-31 21:39:41,coffee_mommster,,0,0,0,"Footage from today in Austin Texas from my husband the firefighter. I haven’t seen him in 3 days this sucks. also I’m sure covid numbers will def rise again now #Stupidity #riots2020",,,#Stupidity #riots2020,1267209157230329868,https://twitter.com/coffee_mommster/status/1267209157230329868
2020-05-31 21:39:15,realthomfalcon,,0,1,1,"Texas Man Charged with $5 Million COVID-Relief Fraud ",,,,1267209047687610369,https://twitter.com/realthomfalcon/status/1267209047687610369
2020-05-31 21:36:51,Thunderdome1980,,1,0,0,"@uhaul should see reviews of 2703 N Main St, Baytown, TX 77521 location. I can use my expired license at a bank in texas but they can't accept it in Texas' declaration of suspension for expired license due to covid and now riots? ",,@uhaul,,1267208444416856064,https://twitter.com/Thunderdome1980/status/1267208444416856064
2020-05-31 21:25:22,ServantDreamer,,0,0,0,"@weareoversight Do you have plans to look into the numbers of COVID cases reported in Florida, Georgia and Texas and the accusations of severe under-reporting?",,@weareoversight,,1267205553756880896,https://twitter.com/ServantDreamer/status/1267205553756880896
2020-05-31 21:12:28,kevinD94506196,GOP,0,0,0,"More voter suppression by the corrupt GOP in Texas as the Texas Republican AG gets the Texas Republican Supreme Court to block Vote By Mail for those infected by Covid-19. The GOP will do anything to prevent citizens from voting. Vote the corrupt GOP out!",,,,1267202310427406336,https://twitter.com/kevinD94506196/status/1267202310427406336
2020-05-31 21:11:34,MitchTaylor9,ChrisMosser,0,0,0,"Day 2 Day numbers hv wide variation. Glad you are hv 7 day avg. also. Best fit line is of little use. Also look at 7 day rolling average of total Covid hospilizations on a daily basis which Texas does supply data, not just new entries. Better trend indication of hospital load.",,,,1267202081334706176,https://twitter.com/MitchTaylor9/status/1267202081334706176
2020-05-31 21:11:14,TheValuesVoter,,0,1,7,"Missouri just has the highest number of Covid deaths in one day, ever, just yesterday (42). It’s also had 5 straight days of increasing daily Covid deaths. The following states have had 3 straight days of increasing daily Covid deaths: Connecticut Maryland Texas",,,,1267201996118986753,https://twitter.com/TheValuesVoter/status/1267201996118986753
2020-05-31 21:08:55,Cleavon_MD,DrEricDing,6,52,119,"Politics aside? LIES! LIES! LIES! Pneumonias on the RISE While more and more Americans DIE! Demand that #Florida, #Texas and #Georgia honestly report #CovidDeaths! A 4X increase in pneumonias is #COVID (viral pneumonia) ...the American people are not stupid. ",,,#Florida #Texas #Georgia #CovidDeaths #COVID,1267201413916102657,https://twitter.com/Cleavon_MD/status/1267201413916102657
2020-05-31 21:08:38,Sanpaulo888,,0,0,0,"በ #Port Arthur #Texas ውስጥ ብሄራዊ ጥበቃው ቢያንስ #ለ6ዓመታት ተዋቅሯል ይህ ደረጃ እንደተቀናበረ ያውቃሉ #Covid_19",,,#Port #Texas #Covid_19,1267201341891530752,https://twitter.com/Sanpaulo888/status/1267201341891530752
2020-05-31 21:05:53,TxBuckeyeBabe,,0,1,0,"1949 new cases of COVID-19 reported in Texas today. How not to reopen smartly @GregAbbott_TX. And the Rona is becoming just like @BetoORourke. It's about to visit every county in Texas too. Well Done Governor!!",,@GregAbbott_TX @BetoORourke,,1267200652238884864,https://twitter.com/TxBuckeyeBabe/status/1267200652238884864
2020-05-31 20:54:22,raytweetie,,0,0,0,"is it possible that Texas is under-reporting cases? Republican governor. President more concerned with back to work than people! Duh! Bing Covid-19 tracker: Texas figures low ",,,,1267197752158695426,https://twitter.com/raytweetie/status/1267197752158695426
2020-05-31 20:53:32,EdsonGonzalez,,0,1,5,"W/o focusing on the numbers, just look at the TREND of Covid cases in Texas compared to Northeast ",,,,1267197543307501572,https://twitter.com/EdsonGonzalez/status/1267197543307501572
2020-05-31 20:46:28,HNimanFC,,0,0,0,"Texas COVID Cases Increase To 64,287 Deaths To 1,672 - Texas (2019-nCoV) - Recombinomics Inc. Texas COVID Cases Increase To 64,287 Deaths To 1,672 ",,,,1267195766193491969,https://twitter.com/HNimanFC/status/1267195766193491969
2020-05-31 20:43:22,GoEnchantedRock,,0,0,6,"No rain yet. Visiting anywhere out of town? -- Be sure to check the alerts on websites, social media or give your destination a call. A lot of places are open, but with restrictions due to COVID. For example, Texas State Parks require reservations for all visitors. ",,,,1267194987336339456,https://twitter.com/GoEnchantedRock/status/1267194987336339456
2020-05-31 20:35:36,DanielASasse,,0,0,0,"Prosecutors in New York and Texas Charge Individuals for Defrauding COVID-19 Relief Programs — Client Alert ",,,,1267193029045243905,https://twitter.com/DanielASasse/status/1267193029045243905
2020-05-31 20:32:56,Ideallylaced,AParra210,1,0,0,"don’t start me on the arguments I get into over here regarding Trump, you say anything remotely positive you usually get shouted down by liberals, I don’t think he is doing a bad job. Texas looks class was supposed to be visiting on my honeymoon but covid-19 f**ked that ",,,,1267192360842207236,https://twitter.com/Ideallylaced/status/1267192360842207236
2020-05-31 20:32:19,ttufan4ever,AllisonFox4News,0,0,0,"What exactly are you reporting? Read Abbott’s press release, the deployment of the Texas National Guard has NOTHING to do with Covid.",,,,1267192202612146177,https://twitter.com/ttufan4ever/status/1267192202612146177
2020-05-31 20:26:51,CristinaEustace,,0,0,3,"Also keep in mind Covid-19 numbers are rising in our City. We can set an example of support and respect #ElPasoStrong #blacklivesmatter @El Paso, Texas https://www.instagram.com/p/CA3ZiHAD2jZ/?igshid=13x768tnisqj1",,,#ElPasoStrong #blacklivesmatter #blacklivesmatter,1267190828021227523,https://twitter.com/CristinaEustace/status/1267190828021227523
2020-05-31 20:22:49,immtx,,0,0,0,"@GregAbbott_TX What is being done to help prepare Texas for a possible second Covid 19 wave in the fall/winter?",,@GregAbbott_TX,,1267189814971023361,https://twitter.com/immtx/status/1267189814971023361
2020-05-31 20:05:41,MichaelPollick,,0,0,0,"In the most severely pummeled places, like New York and New Jersey, COVID-19 is waning. In Texas and North Carolina, it is still taking off. In Oregon and South Carolina, it is holding steady. These trends average into a national plateau, but each state’s pattern is distinct.",,,,1267185501448044546,https://twitter.com/MichaelPollick/status/1267185501448044546
2020-05-31 19:57:15,getnoemails,,0,0,0,"FOX 26 gets unprecedented access to Texas' 1st nursing home to treat COVID-19 with Hydroxychloroquine ",,,,1267183377893011456,https://twitter.com/getnoemails/status/1267183377893011456
2020-05-31 19:54:47,LaLalandia,,0,0,0,"My princess getting ready for her first communion. Due to covid-19 we were only allowed to have parents and grandparents present. @Harker Heights, Texas https://www.instagram.com/p/CA3V3OTpuxaCYjZEgki7cDDH0IgsyyfDYG0G0g0/?igshid=1lm1rba3grwy0",,,,1267182757584809984,https://twitter.com/LaLalandia/status/1267182757584809984
2020-05-31 19:51:37,ladyotl,GregAbbott_TX,0,1,1,"Now if you actually gave a shit about why people are protesting. You’ve already shown you do not give a shit about the citizens of Texas and Covid.",,,,1267181960054611968,https://twitter.com/ladyotl/status/1267181960054611968
2020-05-31 19:51:24,KorbeKGaming,Txgirluk,2,0,0,"#Covid is a real illness, but so is the mental illness involved in claiming Covid is the apocalypse. It isnt. Mortality is orders of magnitude lower than original fear mongering. Texas is fine. @GregAbbott_TX has done a great job in reopening TX sooner than fearmongers wanted.",,@GregAbbott_TX,#Covid,1267181906774425601,https://twitter.com/KorbeKGaming/status/1267181906774425601
2020-05-31 19:31:05,gardenofrugs,,0,0,0,"Racism is a more dangerous disease than Covid-19. @realdonaldtrump b.netanyahu @rterdogan borisjohnsonuk @talhaboraoge #islam #newyork #minnesota #minneapolis #newjersey #washington #texas #dallas #usa #turkey… https://www.instagram.com/p/CA3TJazH4Ea/?igshid=ss50281mbjno",,@realDonaldTrump @RTErdogan @talhaboraoge,#islam #newyork #minnesota #minneapolis #newjersey #washington #texas #dallas #usa #turkey,1267176792655200256,https://twitter.com/gardenofrugs/status/1267176792655200256
2020-05-31 19:04:22,commentor2013,,1,0,0,"Tracking the Next COVID Hotspot. Data compiled by The NY Times shows cities and towns in Arkansas, Texas, Kansas and other Midwestern and Southern states as having the highest growth rate in new cases and new deaths related to COVID-19. ",,,,1267170069337067522,https://twitter.com/commentor2013/status/1267170069337067522
2020-05-31 19:03:18,manfromrosharon,,0,0,1,"Drive thru covid testing. No place but Texas! ",,,,1267169804160507904,https://twitter.com/manfromrosharon/status/1267169804160507904
2020-05-31 18:57:06,ReaganAHunter,AlexSamuelsx5,0,0,7,"The Governor of Texas is taking more steps to respond to mostly peaceful protests in a few Texas cities than he ever did to respond to actual disasters like the COVID-19 pandemic or to Hurricane Harvey. ",,,,1267168243942391810,https://twitter.com/ReaganAHunter/status/1267168243942391810
2020-05-31 18:50:07,LynnFoundation_,,0,0,5,"Because of COVID-19, Texas is projected to have the highest total number of food-insecure children by the end of 2020 - a staggering 2.3 million children. Help these children today by donating to the @ntfb every dollar helps! Donations can be made at http://lynnfamilyfoundation.org.",,@ntfb,,1267166483743936512,https://twitter.com/LynnFoundation_/status/1267166483743936512
2020-05-31 18:47:17,Jake71434669,,0,1,0,"https://featu.re/FWAH2K/s/benefitcosmetics.com world top barnd beauty products shop now offers limited time #Covid_19 #usa #Canada #canadapost #Mexico #amarica #Texans #Texas #uk #lovense #lovelive #MovieNightKE #shopping #shoppingstar #girl #girls #BoysLove #fashoin #BLACKPINK #BOTD #LISA",,,#Covid_19 #usa #Canada #canadapost #Mexico #amarica #Texans #Texas #uk #lovense #lovelive #MovieNightKE #shopping #shoppingstar #girl #girls #BoysLove #fashoin #BLACKPINK #BLACKPINK #BOTD #LISA #LISA,1267165773103013889,https://twitter.com/Jake71434669/status/1267165773103013889
2020-05-31 18:45:34,kelseylayne__,PercivalPenman,2,1,1,"eek. speaking without details on which counties in Texas you speak of, local law enforcement agencies have access to recycled military grade equipment thru the 1033 program. i don’t believe COVID would have any effect on their ability to access it.",,,,1267165339739193347,https://twitter.com/kelseylayne__/status/1267165339739193347
2020-05-31 18:43:47,clemsourbier,knicksom,1,0,1,"Improbable mais jte jure que je parle avec une famille d’amis parti vivre à Houston, et pourtant le texas c’est pas l’état le plus paumé et pourtant des supporter de Trump yen a des tas, économiquement il a redonner des jobs, la bourse s’est jamais aussi bien porté (avant covid)",,,,1267164892827652096,https://twitter.com/clemsourbier/status/1267164892827652096
2020-05-31 18:38:16,JulianTheWise,_justinroyce_,0,0,0,"it’s called republicans flubbing numbers, if you live in a red state (TEXAS) then be critical about COVID numbers. They are spinning data even now! ",,,,1267163502260649987,https://twitter.com/JulianTheWise/status/1267163502260649987
2020-05-31 18:28:32,Pairsonnalites,,0,0,0,"Fighting Stigma : Texas Teacher Grapples With Family's COVID-19 Illness and Continuing Students' Education; 'Just ...: This is one of eight profiles in Displaced: The Faces of American Education, a package from The 74 following the stories of the… http://dlvr.it/RXjvfW",,,,1267161054124969984,https://twitter.com/Pairsonnalites/status/1267161054124969984
2020-05-31 18:27:49,Art19331,,0,0,0,"@colgrove11 you’ve got to be the stupidest republican , no stupidest human being to claim that JFK andhis family I guess, wasn’t killed on Texas but it was a coverup. What’s next, Covid 19 doesn’t exist, it’s a Democrat lie ?",,@colgrove11,,1267160874097299456,https://twitter.com/Art19331/status/1267160874097299456
2020-05-31 18:26:40,FilmArtPhoto,JennyKnobZoe,1,0,1,"We had a family of 7 here from Oklahoma refusing to wear masks even though the juice store owner told them it was required. Another family downtown (Santa Fe Plaza) going into stores saying they were from Texas and had tested positive for Covid. Not encouraging.",,,,1267160584308416512,https://twitter.com/FilmArtPhoto/status/1267160584308416512
2020-05-31 18:21:41,NBCDFW,,0,0,6,"Rural Texas counties may have fewer COVID-19 cases, but less tests ",,,,1267159328835932168,https://twitter.com/NBCDFW/status/1267159328835932168
2020-05-31 18:17:00,DaynMlb,,0,0,0,"Nah, they are instead moving positive covid patients from camp to camp spreading it around. Proof they get 3 meals a day? Any citation from you to prove anything you are actually saying? Nice beds? They live in CAGES essentially lol. It’s not like they get pillow tops at the Ritz",,,,1267158152224534528,https://twitter.com/DaynMlb/status/1267158152224534528
2020-05-31 18:06:21,Egg_Goddess,TexasTribune,0,0,0,"1,648 people in Texas have died of COVID-19: Abbott says we need to go back to work. Property is damaged: It’s a state of disaster. ",,,,1267155471590477827,https://twitter.com/Egg_Goddess/status/1267155471590477827
2020-05-31 18:00:01,ksannews,,0,0,0,"Confusion spread over who is eligible to vote by mail following a Texas Supreme Court ruling on Wednesday that a lack of COVID-19 immunity is not, on its own, a condition that would qualify as a disability in the state’s election code. ",,,,1267153875523510272,https://twitter.com/ksannews/status/1267153875523510272
2020-05-31 18:00:01,klstnews,,0,0,0,"Confusion spread over who is eligible to vote by mail following a Texas Supreme Court ruling on Wednesday that a lack of COVID-19 immunity is not, on its own, a condition that would qualify as a disability in the state’s election code. https://www.conchovalleyhomepage.com/news/state-of-texas-court-ruling-puts-vote-by-mail-eligibility-decision-in-hands-of-voters/",,,,1267153874877583361,https://twitter.com/klstnews/status/1267153874877583361
2020-05-31 17:59:49,JJalft,EyesOnQ,0,0,0,"Since the Covid they are deployed all states. It's up 19 Texas just mobiled too",,,,1267153826173333507,https://twitter.com/JJalft/status/1267153826173333507
2020-05-31 17:56:31,dannon2010,JackPolakoff,0,1,2,"Yeah...1500 dead inTexas, out of 29,000,000. That’s a .0000593% chance of death from COVID in Texas. Half of NY is from sending COVID to nursing homes. Good work Cuomo! I mean Trump...you bad orange man making Cuomo do that.",,,,1267152996015767554,https://twitter.com/dannon2010/status/1267152996015767554
2020-05-31 17:54:48,Logic_Triumphs,LincolnsBible,0,5,11,"States reopening early have already seen record cases in Covid, such as Florida &amp; Texas. Too late for Donald to use this claim. But we both know it will not really stop him. Because his base believes anything he says.",,,,1267152563129868288,https://twitter.com/Logic_Triumphs/status/1267152563129868288
2020-05-31 17:53:29,officialdvader,lalytatweets,0,0,1,"I will continue to remember this and post ...that they are fucking with the numbers ... texas..georgia and florida are having a surge of ""pneumonia "" but covid is under control ... ",,,,1267152233843613696,https://twitter.com/officialdvader/status/1267152233843613696
2020-05-31 17:51:17,gregb0930,boriquagato,0,0,0,"Just out of curiosity, what is your take on abnormally high amount of pneumonia deaths in Florida and Texas these last few months. If COVID was blamed on everything wouldn’t these be seeing a decrease?",,,,1267151679578931201,https://twitter.com/gregb0930/status/1267151679578931201
2020-05-31 17:40:04,UcedaEnglish,,0,0,0,"Texas Teacher Grapples With Family's COVID-19 Illness and Continuing Students' Education; 'Just Trying to Do the Most We Can' - The 74 ",,,,1267148857659383809,https://twitter.com/UcedaEnglish/status/1267148857659383809
2020-05-31 17:37:40,MikeMartin1948,,0,0,0,"Just went to Home Depot; it was busy. Very few customers, NO employees, wearing masks. Glad COVID 19 is eradicated here in Texas!",,,,1267148252857741312,https://twitter.com/MikeMartin1948/status/1267148252857741312
2020-05-31 17:35:33,FAIRYFlLTER,,0,0,0,"Lmao A*bot just issued a state of disaster for Texas because of the violence last night but took ages to lock down the state for covid and opened it as soon as he was allowed to... alright.",,,,1267147719056949248,https://twitter.com/FAIRYFlLTER/status/1267147719056949248
2020-05-31 17:30:00,KTSMtv,,2,0,1,"Confusion spread over who is eligible to vote by mail following a Texas Supreme Court ruling on Wednesday that a lack of COVID-19 immunity is not, on its own, a condition that would qualify as a disability in the state’s election code. https://www.ktsm.com/news/state-of-texas-court-ruling-puts-vote-by-mail-eligibility-decision-in-hands-of-voters/?utm_medium=social&amp;utm_source=twitter_KTSMtv",,,,1267146322639040517,https://twitter.com/KTSMtv/status/1267146322639040517
2020-05-31 17:25:24,yerownrisk_,PercivalPenman,1,0,0,"And do u know anything about their supply chain? In Texas for example. It just happens so fast and I didn’t understand why we didn’t employ military based supply chain logistics during COVID",,,,1267145166936309768,https://twitter.com/yerownrisk_/status/1267145166936309768
2020-05-31 17:12:02,msdcenter,,0,0,0,"As businesses start to open with social distancing measures in Texas, the concern over contracting the COVID-19 virus still remains. An expert at @UTHealth offered tips to prevent environmental assault factors in this article https://bit.ly/2MalxED.",,@UTHealth,,1267141802160726017,https://twitter.com/msdcenter/status/1267141802160726017
2020-05-31 17:10:05,ruler_ofmyworld,,0,0,0,"Pt5 The violence or if violence caused them to have to start throwing it. We are barely recovering from COVID and for this to happen and bring us more down is ridiculous. Texas stand above others like we're supposed to peacefully!! Not injury ourselves more then we already are!",,,,1267141310202478599,https://twitter.com/ruler_ofmyworld/status/1267141310202478599
2020-05-31 17:02:18,TPRNews,,0,1,2,"What do racial disparities for COVID-19 look like in Texas compared to other states? https://bit.ly/3clfibV",,,,1267139351563112449,https://twitter.com/TPRNews/status/1267139351563112449
2020-05-31 16:58:31,apilder80,iamdima24,1,0,0,"Hey Danny, if my wife wasn’t a California native, I would have already moved to Arizona or Texas years ago. If anything happens to my unemployment in the near future due to COVID-19, I told her we really need to discuss making the move.",,,,1267138399686676482,https://twitter.com/apilder80/status/1267138399686676482
2020-05-31 16:54:35,OolevooBooks,,0,0,0,"Overall Progress in Ending Covid-19 New York A New Jersey A- Illinois B Massachusetts B Pennsylvania B Texas B Ohio B Florida B- Louisiana C+ California C- United States B",,,,1267137409793372165,https://twitter.com/OolevooBooks/status/1267137409793372165
2020-05-31 16:50:35,longhornfan1969,Doc_Texas,1,0,3,"Already had a run in with that dude...didn't think more than 12k would die of COVID. He's a lost soul. ",,,,1267136403906985986,https://twitter.com/longhornfan1969/status/1267136403906985986
2020-05-31 16:45:00,jimfritze,,0,0,1,"Texas Attorney General Ken Paxton attempts to link voting by mail to fraud. Military personnel and others serving overseas and seniors in the U.S. have been voting by mail for years without problem. people wanting to avoid COVID-19 should be able to vote without waiting in line",,,,1267134997133230081,https://twitter.com/jimfritze/status/1267134997133230081
2020-05-31 16:38:37,JJalft,OANN,1,1,1,"Up to 19 and in all STATES due to Covid. This ultimate BOOMERANG TEXAS ACTIVATE THIS AM ",,,,1267133391524200455,https://twitter.com/JJalft/status/1267133391524200455
2020-05-31 16:37:41,Jake71434669,,0,0,0,"https://www.spreadshirt.ca/shop/design/drem+home+nature+beauty+unisex+baseball+t-shirt-D5ed3d475f9376468c595709f?sellable=wQ7xEm407qtjDm9Or948-951-18 #tshirts #Off #the #day Gift your dad and family #Covid_19 #usa #Canada #canadapost #Mexico #Californie #Texans #Texas #uk #LoveDeliveryFest #love #movies #Netflix #shopping #shoppingstar #girl #GIRLFRIEND #BoysLove #fashoin #NewYork",,,#tshirts #Off #the #day #Covid_19 #usa #Canada #canadapost #Mexico #Californie #Texans #Texas #uk #LoveDeliveryFest #love #movies #Netflix #shopping #shoppingstar #girl #GIRLFRIEND #BoysLove #fashoin #NewYork,1267133155728855040,https://twitter.com/Jake71434669/status/1267133155728855040
2020-05-31 16:33:59,Kaylevenn,,0,0,0,"TEXAS !!! THEY CLOSING COVID TESTING CENTERS ",,,,1267132227051233282,https://twitter.com/Kaylevenn/status/1267132227051233282
2020-05-31 16:30:43,IMAZionist,zoharfisher,0,1,1,"""The Texas-#Israel Alliance has brokered a #of innovative #healthcare initiatives:Expanding initiative for a Covid-19 collaboration project using innovative #data &amp; research”-Toba Hellerstein, CEO of Texas-Israel Alliance &amp;pres. of the Israel-Texas Science &amp; Education Foundation ",,,#Israel #healthcare #data,1267131402224427008,https://twitter.com/IMAZionist/status/1267131402224427008
2020-05-31 16:25:01,UTSWNews,,0,0,1,"Multisystem inflammatory syndrome in children (MIS-C) that could be connected to #COVID-19 reached North Texas this month. @dallasnews has more about what the syndrome means for the outbreak: https://bit.ly/2AcLlxm",,@dallasnews,#COVID,1267129971178442760,https://twitter.com/UTSWNews/status/1267129971178442760
2020-05-31 16:22:37,juany_dinero,,0,0,0,"@mavgrab302 Do you want to have a conversation about how Trump has mishandled the Covid crisis too? I have some thoughts on that too. Pretty please maga-puppet-bitch? For Texas? Just never forget, if you have have to search for an excuse, you’re a LOSER #eatshitmaga ",,@mavgrab302,#eatshitmaga,1267129363914465280,https://twitter.com/juany_dinero/status/1267129363914465280
2020-05-31 16:16:06,pattiesue7,KamVTV,0,0,0,"Not on national and regional stations in Texas !! We’re still seeing those ads that indicate Covid-19.",,,,1267127724444958727,https://twitter.com/pattiesue7/status/1267127724444958727
2020-05-31 16:10:06,heraldodejuarez,,0,0,0,"#ElPasoTexas | Aumenta a 2 mil 764 el número de casos por Covid-19 en El Paso, Texas Se informa que el número de personas muertas por Covid-19 permanece en 78 ",,,#ElPasoTexas,1267126215078367232,https://twitter.com/heraldodejuarez/status/1267126215078367232
2020-05-31 16:10:04,lizdyer,,0,0,0,"SOOOO the Texas Supreme Court voted remotely, out of concern of covid-19, to disallow voters concerned about covid-19 from voting remotely. #Suppression #VoterSuppression",,,#Suppression #VoterSuppression,1267126206320820225,https://twitter.com/lizdyer/status/1267126206320820225
2020-05-31 16:08:42,Analystforhire,,0,0,0,"Canadian pipeline expansion a key to lift economy out of Covid-19 recession ""...The world is evolving away from the internal combustion engine. It is light crude, notably Saudi Arabian Light and West Texas Intermediate, which wil…https://lnkd.in/gYHg4-a",,,,1267125864921133057,https://twitter.com/Analystforhire/status/1267125864921133057
2020-05-31 16:08:40,anthony_klee,Tony09468661,1,0,0,"Your fatality rate is amazingly low, because the state has been using Hydroxychoriquine! Certainly you’re getting cases but if you look at your state compared to mine (Michigan) you will see that the recovery rate in Texas is far better! Plus they are not sending Covid patients",,,,1267125853428817922,https://twitter.com/anthony_klee/status/1267125853428817922
2020-05-31 16:05:33,dlavine,,0,0,0,"Daily coronavirus cases in Texas up again after low weekend reporting, officials say https://www.statesman.com/news/20200529/daily-coronavirus-cases-in-texas-up-again-after-low-weekend-reporting-officials-say #txlege #Covid_19",,,#txlege #Covid_19,1267125070452981765,https://twitter.com/dlavine/status/1267125070452981765
2020-05-31 16:05:23,georg_dreyman,nberlanga,1,4,25,"Can we give this fear porn a rest #Texas? Especially since the Marxist who pushed #Covid have moved on to wonton violence and destruction.",,,#Texas #Covid,1267125028602015747,https://twitter.com/georg_dreyman/status/1267125028602015747
2020-05-31 15:58:24,MoBill,,0,0,0,"@chucktodd Can we stop with the perception that Covid cases are ‘way down’ in Texas? Here is an up to date daily chart of cases in Texas. 2 of the last 3 days saw their highest daily numbers yet. ",,@chucktodd,,1267123269221507072,https://twitter.com/MoBill/status/1267123269221507072
2020-05-31 15:56:02,radiokerigma,,0,0,0,"#EEUU Iglesia ayuda a los más necesitados por el coronavirus en el sur de Texas https://bit.ly/3gEOwi1 #Texas #EstadosUnidos #Necesitados #Alimentos #Comida #DDHH #DerechosHumanos #Covid_19 #COVIDー19 #COVID19 #coronavirus #pandemia #Vida #Hambre #Asistencia #Iglesia",,,#EEUU #Texas #EstadosUnidos #Necesitados #Alimentos #Comida #DDHH #DerechosHumanos #Covid_19 #COVID #COVID19 #coronavirus #pandemia #Vida #Hambre #Asistencia #Iglesia,1267122675077517315,https://twitter.com/radiokerigma/status/1267122675077517315
2020-05-31 15:52:27,padilloh,,0,0,1,"#chickentrump will whine and sign toothless proclamations, tweet out dog whistles to his 2A ammosexuals and hide behind the secret service, cowering from Covid, the people, and his own racist history. If you’re not rich he’s not on your side.",,,#chickentrump,1267121773549666304,https://twitter.com/padilloh/status/1267121773549666304
2020-05-31 15:51:06,pcgame,,0,0,0,"Coronavirus In Texas: Updated Numbers In North Texas Saturday Read More: http://tinyurl.com/y7o39nl9 #CBS11NewsWeekends #coronavirus #covid-19 #fluguide #Health #newcases #NorthTexas",,,#CBS11NewsWeekends #coronavirus #covid #fluguide #Health #newcases #NorthTexas,1267121433039327232,https://twitter.com/pcgame/status/1267121433039327232
2020-05-31 15:49:28,EvidenciaCorona,AlexBerenson,2,3,3,"#Texas: 29 millones de personas, levantó la #cuarentena el 1ro de mayo. Las hospitalizaciones, muertes, visitas a emergencias relacionadas al COVID-19 han disminuido desde entonces. El 58% de las camas de T.I. están vacías. Ergo, las cuarentenas son inútiles (en el mejor caso). ",,,#Texas #cuarentena,1267121023666790400,https://twitter.com/EvidenciaCorona/status/1267121023666790400
2020-05-31 15:46:51,AUGUST72027FITS,,1,0,0,"CDC needs to watch Dallas Texas. This could be an epicenter of COVID 19 rare symptoms of falling dead. Anyone with sudden death symptoms should be counted as COVID 19 starting right about now. ",,,,1267120363953061891,https://twitter.com/AUGUST72027FITS/status/1267120363953061891
2020-05-31 15:44:48,LisaDaughtry19,realDonaldTrump,0,0,0,"Nothing ""great"" these days about the Republican party and Texas is a hotbed for COVID and needs mail-in voting. Of course you see it as a win. Unfortunately sll your ""wins"" are losses for the people you serve.",,,,1267119847051321344,https://twitter.com/LisaDaughtry19/status/1267119847051321344
2020-05-31 15:42:55,Rick_Ragan,,1,0,0,"#texas #Austin #SanAntonio @JohnCornyn @SenTedCruz Cornyn &amp; Cruz will never protect us from this horribly incompetent criminal president trump &gt; 104k dead from Covid-19 &gt; 40m people unemployed &gt; Cities burn due to police They love the power of the GOP, they don't care about us",,@JohnCornyn @SenTedCruz,#texas #Austin #SanAntonio,1267119376009854976,https://twitter.com/Rick_Ragan/status/1267119376009854976
2020-05-31 15:36:13,MinteeKneez,,1,2,6,"So, @GovAbbott Are you going to remove these stupid restrictions you are trying to enforce? It is obvious that covid is a done deal...and protests are blossoming like spring flowers. Step back from your power hungry orders. Return #Freedom to #Texas!!! ",,@GovAbbott,#Freedom #Texas,1267117687974526983,https://twitter.com/MinteeKneez/status/1267117687974526983
2020-05-31 15:30:07,TAMUEngineering,,1,0,9,"Everyone is handling the challenges of COVID-19 differently, so we asked you how you’ve been adapting. Listen to the final episode of the #TAMUSoundBytes miniseries Engineering, Connected to hear how the Texas A&amp;M Engineering community responded. Listen: ",,,#TAMUSoundBytes,1267116153761157123,https://twitter.com/TAMUEngineering/status/1267116153761157123
2020-05-31 15:20:15,lily_nilka,George54576233,7,0,0,"Texas Houston ama covid'i Türkiye'de geçirip, Amerika da bu sureci atlatınca gitmek istiyorum. Bakalım.",,,,1267113668539551744,https://twitter.com/lily_nilka/status/1267113668539551744
2020-05-31 15:19:09,Standby73838971,,0,0,0,"You cannot say anything definite nor reliable about the spread of the contagion in Texas. If you want to promote reopening the state, you do not have any defensible data. The reporting is all over the board. Texas Active COVID-19 Cases, https://txdshs.maps.arcgis.com",,,,1267113392109768704,https://twitter.com/Standby73838971/status/1267113392109768704
2020-05-31 15:19:01,agent006igi,,0,0,0,"Y’all say I don’t see color.. well you should see color and understand that not everyone is treated the same... thats what should be taught moving forward .#BlackLivesMatter #GeorgeFloydProtests #Texas #COVID #Equality #protests",,,#BlackLivesMatter #BlackLivesMatter #GeorgeFloydProtests #Texas #COVID #Equality #protests,1267113360774094848,https://twitter.com/agent006igi/status/1267113360774094848
2020-05-31 15:18:06,P0werPuppy,Seamus_Mullan,0,0,0,"What do you mean covid stuff?",,,,1267113128598396931,https://twitter.com/P0werPuppy/status/1267113128598396931
2020-05-31 15:17:02,cheathamguy61,,0,0,0,"Texas County GOP Chair Claims COVID-19 Is Democratic Hoax - https://go.shr.lc/2LWdlI9 via @Shareaholic",,@Shareaholic,,1267112862771810306,https://twitter.com/cheathamguy61/status/1267112862771810306
2020-05-31 15:12:07,asdfghjkyeyang,,0,0,1,"sayang talaga yung time na dapat nasa texas na ako ngayon. naudlot lang dahil sa covid ",,,,1267111624134934528,https://twitter.com/asdfghjkyeyang/status/1267111624134934528
2020-05-31 15:10:19,dr4g0nk1ng,GregAbbott_TX,1,0,0,"Texas will be the reason Covid-19 spreads more you assholes had to open early.",,,,1267111170810445826,https://twitter.com/dr4g0nk1ng/status/1267111170810445826
2020-05-31 15:02:37,leroipremier,JudgeClayJ,0,0,0,"Sir, trying to find the data for the North Centeal Texas region that gives the day over day number of hospitalizations due to Covid-19. Any idea where the data can be found. Thank you.",,,,1267109233625051137,https://twitter.com/leroipremier/status/1267109233625051137
2020-05-31 15:01:25,TCHCareers,,0,1,5,"As part of our COVID-19 response efforts to keep everyone safe, Kymberli Daniels switched roles from working at one of our Pediatric practices in the community to now screening employees upon entry at Texas Children's Hospital. #ThankYOU for all you do! #TexasChildrensPeople",,,#ThankYOU #ThankYOU #TexasChildrensPeople,1267108931211538441,https://twitter.com/TCHCareers/status/1267108931211538441
2020-05-31 15:00:48,DallasCMS,,0,0,1,"North Texas Physicians Encourage Full 14-Day Quarantine for Those Sick or Exposed to COVID-19: Read the full press release from the @NorthTexasMSC here: https://bit.ly/NTMSC52920 . . . #DCMS #COVID19 #COVIDresources",,@NorthTexasMSC,#DCMS #COVID19 #COVIDresources,1267108774273220608,https://twitter.com/DallasCMS/status/1267108774273220608
2020-05-31 14:58:30,rxjef77,,1,7,5,"ICE keeps transferring detainees around the country, leading to COVID-19 outbreaks: In Haskel, Texas. The 1st of three detainees tested positive for COVID-19. Then 20 more. Friday, 41 more detainees tested positive. Just 3 county residents have tested positive in a city of 3,322 ",,,,1267108196331782144,https://twitter.com/rxjef77/status/1267108196331782144
2020-05-31 14:53:41,GodotIsLate,thatgingerish,0,1,1,"Texas. Look at the historic spike in deaths from “pneumonia” cases. Not reported as Covid cause they weren’t tested. ",,,,1267106982600851458,https://twitter.com/GodotIsLate/status/1267106982600851458
2020-05-31 14:53:18,sehpriano,TeideTweet,1,0,1,"Bueno, muchos estados ya ""reabrieron"". Aquí en Texas levantan prácticamente toda protección mañana, van a volver a comenzar los deshaucios. El rebrote ya comenzó. La gente está muy desesperada, el Covid parece una broma frente a lo demás.",,,,1267106887243309056,https://twitter.com/sehpriano/status/1267106887243309056
2020-05-31 14:53:13,AbeliteEdgar,HealthySCC,0,0,0,"Texas: 29MM people, lockdowns ended May 1. 58% of ICU beds empty statewide. Hospitalizations, deaths, COVID-related ER visits have all trended down for a month (since lockdowns ended). LOCKDOWNS ARE USELESS (AT BEST). How much more evidence do you want? https://texas2036.shinyapps.io/covid_tracker/",,,,1267106868914085888,https://twitter.com/AbeliteEdgar/status/1267106868914085888
2020-05-31 14:50:41,_Gutierrez,squeakersherman,0,0,1,"I agree, mass mailing to every registered voter is a waste. Many states require requesting an absentee ballot to combat that. Even that is leading to a mess in Texas where legal fights are ongoing whether COVID-19 can qualify you for a ballot. ",,,,1267106230088208385,https://twitter.com/_Gutierrez/status/1267106230088208385
2020-05-31 14:49:34,padilloh,,0,0,0,"When govenor #abbott gives more attention to racist #jadehelm conspiracies and covid-denying churches, than the health care of poor Texans, it’s no wonder you ignore the gun nuts who have played their racist games here for generations. Black uprisings fuel 2A fantasies.",,,#abbott #jadehelm,1267105949455613952,https://twitter.com/padilloh/status/1267105949455613952
2020-05-31 14:36:55,SarcAspie,,0,0,0,"Yo, #Anonymous, can you please give us facts of whether they are putting out false numbers for Covid-19? Those are suspiciously low, especially in Florida and Texas.",,,#Anonymous,1267102763915390977,https://twitter.com/SarcAspie/status/1267102763915390977
2020-05-31 14:34:06,NinaHelsing,,0,0,0,"Covid-19/Coronavirus: Texas, Florida, Connecticut, Louisiana Current levels of growth Texas: Cases &lt;2%, Deaths 1.5% Florida: Cases and Deaths &lt;1.5% Connecticut: Cases and Deaths 0.5-1% Louisiana: Cases 1%, Deaths 0.6% ",,,,1267102057342918657,https://twitter.com/NinaHelsing/status/1267102057342918657
2020-05-31 14:23:45,redraiderbob05,check_random,1,0,1,"Both sides are to fit their agenda. Look at the pneumonia numbers in Florida and Texas compared to past year and this year. And increase of about 500% this year. That doesn’t seem off to you. Meanwhile the other side are listing drug ODs as Covid deaths",,,,1267099450792607744,https://twitter.com/redraiderbob05/status/1267099450792607744
2020-05-31 14:21:23,Farris_actual,JasonATX4,0,1,6,"Probably has to check with his handlers first. Wonder if covid spikes in 2 weeks if he will blame @GovAbbott for opening up Texas. Instead of the 1000+ protesters from yesterday.",,@GovAbbott,,1267098855419662336,https://twitter.com/Farris_actual/status/1267098855419662336
2020-05-31 14:21:10,cityofplanotx,,0,0,5,"#COVID19 Update: May 31 Texas DSHS will investigate, monitor &amp; trace all new cases starting Mon 6/1. Reports will be on Texas DSHS COVID-19 dashboard. Total number of positive cases in Plano is 401, with 112 active cases &amp; 711 people currently under monitoring (PUM) ",,,#COVID19,1267098800113496065,https://twitter.com/cityofplanotx/status/1267098800113496065
2020-05-31 14:20:04,livepureglobal,,0,1,4,"Jessica Sternadel deserves tons of ""Jessi is serving as a #COVID_19 registered nurse at DeTar Hospital in Victoria, Texas. She is selfless when it comes to her patients, going many hours without taking care of herself- water, food, etc."" #TheRealHeroes #Nurses",,,#COVID_19 #TheRealHeroes #Nurses,1267098525801877507,https://twitter.com/livepureglobal/status/1267098525801877507
2020-05-31 14:13:32,Lex_Discipulus,ErickFernandez,0,0,2,"Finally getting some traction. Florida, Georgia and Texas are LYING about their covid deaths. ",,,,1267096881177530374,https://twitter.com/Lex_Discipulus/status/1267096881177530374
2020-05-31 14:06:39,Pete98086241,BillyWarpinjur,0,1,0,"I think Texas is doing similar. My city issued a statement that said something like ""due to the new COVID guidelines"" our numbers dropped.",,,,1267095146535018499,https://twitter.com/Pete98086241/status/1267095146535018499
2020-05-31 14:04:47,MaryMary236joe,MarlaHooch1,0,0,0,"Texas has over 63,000 cases but 1/3 of the deaths of other states with less Covid. I call BS. ",,,,1267094680438702080,https://twitter.com/MaryMary236joe/status/1267094680438702080
2020-05-31 14:03:36,MaryMary236joe,MarlaHooch1,0,0,0,"Texas has over 63,000 cases but 1/3 of the deaths of other states with less Covid. I call BS!",,,,1267094378805370880,https://twitter.com/MaryMary236joe/status/1267094378805370880
2020-05-31 14:00:01,SpecNewsSA,,0,0,0,"The number of confirmed coronavirus cases rose by more than 1,200 in Texas to surpass 61,000 with 25 additional deaths due to COVID-19. ",,,,1267093476992258050,https://twitter.com/SpecNewsSA/status/1267093476992258050
2020-05-31 13:52:32,glitterandhoes,,0,1,0,"texas really peaked with new covid cases 3 days ago and harris county is leading ",,,,1267091594647425024,https://twitter.com/glitterandhoes/status/1267091594647425024
2020-05-31 13:48:53,RobinGodbolt2,CBSNews,0,1,1,"Ted Cruz I wish you would fight for Texas like you do President Donald Trump we're dying here from covid-19 but because it's spreading like hell here in Texas ",,,,1267090675696312321,https://twitter.com/RobinGodbolt2/status/1267090675696312321
2020-05-31 13:45:19,sundene,NateSilver538,0,0,1,"You mean conservatives like the Governors of Texas and Florida, who are busily covering up the numbers of #COVID cases in their states? I don't think so, Nate. @GOP are science deniers. Liberals aren't.",,@GOP,#COVID,1267089780136980480,https://twitter.com/sundene/status/1267089780136980480
2020-05-31 13:36:46,trainer1995,TexasDSHS,0,0,5,"Might wanna tell @GovAbbott @GregAbbott_TX COVID-19 is still spreading in Texas since he cant be bothered to look at the number on the Texas Dept of State Health Services.",,@GovAbbott @GregAbbott_TX,,1267087627255250946,https://twitter.com/trainer1995/status/1267087627255250946
2020-05-31 13:25:29,kenyankee,DSmith39,2,0,34,"You know what would be awesome? If we actually had accurate covid data instead of cooked books in Georgia, Florida, Texas, etc.",,,,1267084787438714880,https://twitter.com/kenyankee/status/1267084787438714880
2020-05-31 13:14:43,GJabberbox,,0,1,4,"Meanwhile, Republican-led states are lying about numbers of COVID19 deaths. COVID deaths, for instance, in Texas are being reported as death from pneumonia. That means we have had far more than 100,000 deaths from this infectious disease. #CrimesAgainstHumanity",,,#CrimesAgainstHumanity,1267082078434230274,https://twitter.com/GJabberbox/status/1267082078434230274
2020-05-31 13:12:45,KagroX,,2,5,3,"10 American states now report more than 50,000 cases of COVID-19: New York 378,951 New Jersey 160,916 Illinois 118,917 California 109,982 Massachusetts 96,301 Pennsylvania 75,794 Texas 63,416 Michigan 56,884 Florida 55,424 Maryland 52,015",,,,1267081584525672448,https://twitter.com/KagroX/status/1267081584525672448
2020-05-31 13:12:20,FollowerofTJ,,0,0,0,"lets look at the real reason for u r latest ranting . 24 states have uncontrolled growth of COVID-19 cases the leaders in #'s of course are Georgia,Texas,MS. Missouri courtesy of Wall Street Journal . the Mid west and south heart of u r base have not Peaked yet u r absolutelyfool",,,,1267081480645246977,https://twitter.com/FollowerofTJ/status/1267081480645246977
2020-05-31 13:08:53,VaraSueTamminga,,0,0,0,"FROM COVID WHICH THEY BLAME COMMUNIST OR CHRISTIAN CHINA. HOUSTON REPUBLICAN TEXAS IS RESPONSIBLE FOR THE 200 MILLION DEATHS OF POOR PEOPLE OF COLOR IN THE PAST 20 YEARS TO ENABLE THE REPUBLICAN PARTY TO STAY IN POWER AND PROTECT THE FOSSIL FUEL GENOCIDAL INDUSTRY.",,,,1267080611505803266,https://twitter.com/VaraSueTamminga/status/1267080611505803266
2020-05-31 13:05:11,RobbieMorton19,stevestivers,0,0,1,"Ronny Jackson blamed immigrants for the spread of covid-19 in Texas meatpacking plants. If you are going to endorse him you should ask him to clarify and/or apologize for those ignorant remarks. @MillerForTexas @GovernorPerry @club4growth",,@MillerForTexas @GovernorPerry @club4growth,,1267079679518916608,https://twitter.com/RobbieMorton19/status/1267079679518916608
2020-05-31 13:03:19,onlinelady77,GOP,0,0,0,"George Floyd just got out of prison in Texas. He had two jobs, one a truck driver the other as a bouncer, he lost both jobs to Covid-19. No one is completely innocent. Yes it is sad about his family, he was trying to be a better person. Take off the rose colored glasses. ",,,,1267079209203257344,https://twitter.com/onlinelady77/status/1267079209203257344
2020-05-31 13:02:00,KRLD,,0,0,2,"CVS Health Announces 20 New COVID-19 Testing Sites In Texas ",,,,1267078877748187137,https://twitter.com/KRLD/status/1267078877748187137
2020-05-31 13:01:15,TexasMetroNews,,0,2,2,"TEXAS METRO NEWS-COVID-19/PROTESTS AND RIOTS/MONDAY?S NATIONAL DAY OF MOURNING &amp; LAMENT https://conta.cc/3eE9dZJ",,,,1267078690774581250,https://twitter.com/TexasMetroNews/status/1267078690774581250
2020-05-31 13:01:08,GarlandJournal,,0,0,0,"TEXAS METRO NEWS-COVID-19/PROTESTS AND RIOTS/MONDAY?S NATIONAL DAY OF MOURNING &amp; LAMENT https://conta.cc/3eE9dZJ",,,,1267078660768567297,https://twitter.com/GarlandJournal/status/1267078660768567297
2020-05-31 13:01:03,VanceGinn,,0,3,5,"Listen to my take with @WhatsUpRadio on #Congress’ #CARES Act influence the #Texas budget, how the economy will recover, and more! http://www.terrylowry.com/wp-content/themes/whatsup/results.php #txlege @TPPF #COVID ",,@WhatsUpRadio @TPPF,#Congress #CARES #Texas #txlege #COVID,1267078637741912066,https://twitter.com/VanceGinn/status/1267078637741912066
2020-05-31 12:57:03,urLIFEwillBLOOM,,0,0,1,"Texas landowner: 'There is a sudden mad rush to obtain our property' for border wall during COVID-19 ",,,,1267077633855983616,https://twitter.com/urLIFEwillBLOOM/status/1267077633855983616
2020-05-31 12:51:13,pcgame,,0,0,0,"4/4 coronavirus updates for San Antonio: Death toll reaches 11, FDA approves potential COVID-19 defe Read More: http://tinyurl.com/y9udwgbh #coronavirus #Health #life #local #National #News #politics #Texas ",,,#coronavirus #Health #life #local #National #News #politics #Texas,1267076166306971648,https://twitter.com/pcgame/status/1267076166306971648
2020-05-31 12:48:50,Lam88881,,0,0,0,"Texas-05/31 2:32am Death total 1652, up 33. Death Daily with two distribution. 1st: Date 4/14, Width 23.7, Peak 26.6. 2nd: Date 5/15, Width 27.1, Peak 36.5 ½W-D 5/29, latest 3 day ave=23.6 #Houston #Covid #Covid19 #medtwitter #harriscounty #Texas #charts",,,#Houston #Covid #Covid19 #medtwitter #harriscounty #Texas #charts,1267075567133786113,https://twitter.com/Lam88881/status/1267075567133786113
2020-05-31 12:46:38,Lam88881,,0,0,0,"Texas-05/31 2:32am Daily with two distribution. 1st: Date 4/11, Width 23.6, Peak 928. 2nd: Date 5/15, Width 35.7, Peak 1245. #Houston #Covid #Covid19 #medtwitter #harriscounty #Texas #charts",,,#Houston #Covid #Covid19 #medtwitter #harriscounty #Texas #charts,1267075010293911553,https://twitter.com/Lam88881/status/1267075010293911553
2020-05-31 12:39:37,Eugee71,marklutchman,0,0,0,"You are right, I’m locked and loaded. Started carrying again everyday when COVID came. Step foot on my property we have the Castle Law here in Texas",,,,1267073243665649665,https://twitter.com/Eugee71/status/1267073243665649665
2020-05-31 12:33:57,Aesthetic_Jonas,RosannaEvangel1,0,0,1,"Not ridiculous, Covid-19 still exists. Texas doesn't need to be re-opened to full capacity. If people prioritize their protest over Corona that is their choice, but it does not change the fact that the virus is spread faster through businesses.",,,,1267071818885730304,https://twitter.com/Aesthetic_Jonas/status/1267071818885730304
2020-05-31 12:25:51,ImpeachmentHour,,147,918,1504,"The Texas Supreme Court decided that “lack of immunity from Covid is not a 'physical condition' that renders a voter eligible to vote by mail.”... They made this vote from home.",,,,1267069781208948736,https://twitter.com/ImpeachmentHour/status/1267069781208948736
2020-05-31 12:19:56,NR_Garrett,sunterra1014,0,0,1,"GOP tripped over themselves to defend a white hair salon owner in Texas who BROKE the law to open during COVID yet they are SILENT as cities burn in response to systemic racism. ",,,,1267068292700700673,https://twitter.com/NR_Garrett/status/1267068292700700673
2020-05-31 12:05:03,KarenHinton,,0,0,0,"Another good read by ⁦@Gregbsmithnyc⁩ Texas Firm Reaps Millions Booking COVID Hotel Rooms for NYC - THE CITY ",,@Gregbsmithnyc,,1267064547677962241,https://twitter.com/KarenHinton/status/1267064547677962241
2020-05-31 11:57:22,bmon4047,texas_pappy,1,3,4,"Russia collusion, Ukraine, impeachment, Covid 19 (yes, I believe this was an opportunity for the Democrats ), and now divisional unrest. This has Pelosi and Schumer written all over it. Isn’t it time for Adam Schiff to come out and say the Trump threw the first brick?",,,,1267062613940322305,https://twitter.com/bmon4047/status/1267062613940322305
2020-05-31 11:50:10,georg_dreyman,Marciallon,0,0,2,"Yes, these people @JudgeClayJ @Johnson4Dallas @ChiefHallDPD loved to exert their power for the covid “crisis” but suddenly they have no power to stop actual violence and murder. #Texas #Dallas",,@JudgeClayJ @Johnson4Dallas @ChiefHallDPD,#Texas #Dallas,1267060802462367744,https://twitter.com/georg_dreyman/status/1267060802462367744
2020-05-31 11:37:33,PROUDofTEXAS,chiproytx,0,0,0,"Texas “leaders” are disappointing me pretty constantly these days. COVID LOCKDOWNS, then allowing our cities to look basically the same as Chicago, Minneapolis, Los Angeles, and Baltimore, with evil rioters getting away with anything and everything.",,,,1267057625017061376,https://twitter.com/PROUDofTEXAS/status/1267057625017061376
2020-05-31 11:22:14,danhaddock3,,0,0,0,"A Roman Catholic church in Texas has indefinitely suspended public Masses after the death of one elderly priest and the COVID-19 diagnoses of five others. ",,,,1267053769478385664,https://twitter.com/danhaddock3/status/1267053769478385664
2020-05-31 11:19:47,IAM__Network,,0,0,0,"Texas businesses can make money in COVID world READ MORE: https://blog.iammarketingmedia.com/texas-businesses-can-make-money-in-covid-world/?utm_campaign=twitter&amp;utm_medium=twitter&amp;utm_source=twitter #business #BusinessPlan #BusinessStrategy #Education #Entrepreneur #Entrepreneurship #NewBusiness #OnlineBusiness #Products #Services+",,,#business #BusinessPlan #BusinessStrategy #Education #Entrepreneur #Entrepreneurship #NewBusiness #OnlineBusiness #Products #Services,1267053153305985025,https://twitter.com/IAM__Network/status/1267053153305985025
2020-05-31 11:14:24,TaMartinNielsen,defftum,1,0,0,"Befolknings-tætte New York FDR og EWR mm. er porten ind i USA, så er det ikke overraskende at de fleste Corona tilfælde skete der, døds tallene er kraftigt på vej ned. Texas og Florida har forsat en stor stigning af Covid-19 tilfælde, så de er lige startet helt uden styring.",,,,1267051799288123392,https://twitter.com/TaMartinNielsen/status/1267051799288123392
2020-05-31 10:53:29,skojene,NPR,0,0,0,"That the Texas Supreme Court voted out the freedom to vote by mail if a person has no immunity to Covid. They made the ruling by remote software because they have no immunity to Covid. The Governor, Lt. Governor, and Paxton had prior voted by mail. ",,,,1267046534765588480,https://twitter.com/skojene/status/1267046534765588480
2020-05-31 10:50:51,skojene,,0,0,0,"That the Texas Supreme Court voted out the freedom to vote by mail if a person has no immunity to Covid. They made the ruling by remote software because they have no immunity to Covid. The Governor, Lt. Governor, and Paxton had prior voted by mail. ",,,,1267045875102240769,https://twitter.com/skojene/status/1267045875102240769
2020-05-31 10:49:34,HillBeverlyhill,GregAbbott_TX,2,1,3,"It just does not add up. I check the worldometer everyday for COVID &amp;Texas numbers do not hardly move but I read about deaths &amp;cases increasing everyday.Texas has more cases and deaths in federal prisons than any other state.Seems numbers are manipulated.We are 49th in testing.",,,,1267045549305446400,https://twitter.com/HillBeverlyhill/status/1267045549305446400
2020-05-31 10:18:40,Ahighervision,,0,0,0,"Guest column: Recovering from COVID-19 crisis, higher education should retool around Texas' needs ",,,,1267037776156991489,https://twitter.com/Ahighervision/status/1267037776156991489
2020-05-31 10:00:35,WoodlandsStuCtr,,0,0,3,"Covid-19 Update: Texas Governor Greg Abbott Executive Order to authorize the reopening of additional businesses and activities in Texas. Review all DSHS guidance for Opening the State of Texas. ",,,,1267033222128578560,https://twitter.com/WoodlandsStuCtr/status/1267033222128578560
2020-05-31 09:48:27,MatthedawsonIII,Short_Texas,0,0,0,"Don’t mess with texas. That cod be Covid water. #bot2botchat",,,#bot2botchat,1267030169287606272,https://twitter.com/MatthedawsonIII/status/1267030169287606272
2020-05-31 08:43:50,officialdvader,,0,2,2,"Just to remember that georgia,florida and texas at least are having a suddenly ""pneumonia "" pandemic ... but covid19 under control How stupid they think we are ? If this dead go to covid .. america would be 120k dead . This is one week old ",,,,1267013907509624832,https://twitter.com/officialdvader/status/1267013907509624832
2020-05-31 08:00:38,PulpNews,,0,0,0,"#Texas counties #may have fewer COVID-19 cases, but less tests - May 31 @3:44 AM ET https://oddcrimes.com/static/2020/05/31/Texas-counties-may-have-fewer-COVID-19-cases-but-less-tests.php",,,#Texas #may,1267003035106115585,https://twitter.com/PulpNews/status/1267003035106115585
2020-05-31 07:43:21,MimiTexasAngel,,0,1,0,"#TexasDemocrats #JusticeForGeorgeFloyd #Cannabis on the #Platform #BernieSanders #NewDeal #SuperTuesday #VoteBlueToSaveAmerica #Texas #Plants are Food. #Immunity for #COVID eat the plant. https://twitter.com/RobertPriceTV/status/1266863627052756992",,,#TexasDemocrats #JusticeForGeorgeFloyd #Cannabis #Platform #BernieSanders #NewDeal #SuperTuesday #VoteBlueToSaveAmerica #Texas #Plants #Immunity #COVID,1266998687449915393,https://twitter.com/MimiTexasAngel/status/1266998687449915393
2020-05-31 07:32:45,OrcishOzu,,1,0,2,"Frente al COVID-19, por ejemplo, hay estados (gobernadores, más bien) que han implantado un encierro total de la población y enormes restricciones (Gretchen Whitmer, de Míchigan), y otros que han dado unas pocas recomendaciones a la población (Greg Abbott, de Texas)",,,,1266996019121840128,https://twitter.com/OrcishOzu/status/1266996019121840128
2020-05-31 07:15:40,cricket_fundas,,0,0,0,"COVID-19 forces Texas Capital, Independent Bank to call off $5.5bn merger http://www.business-news-today.com/covid-19-forces-texas-capital-independent-bank-to-call-off-5-5bn-merger/",,,,1266991720010407936,https://twitter.com/cricket_fundas/status/1266991720010407936
2020-05-31 07:13:07,kaybromar,,1,1,5,"hey just a reminder! texas hit a new peak in confirmed COVID cases TWO day ago!! it’s definitely not over just because you are bored of it!!! :)",,,,1266991078563028996,https://twitter.com/kaybromar/status/1266991078563028996
2020-05-31 07:05:31,HouOilman,lifesafeast,0,0,0,"Cuomo is a mass murderer... covid deaths in Republican states is low... Texas is open and free",,,,1266989166518317057,https://twitter.com/HouOilman/status/1266989166518317057
2020-05-31 07:05:20,HenrysLocks,,0,0,0,"#fb Donate to the Central Texas Food Bank https://ift.tt/2TU6djT The Central Texas Food Bank is an amazing organization that is needed now more than ever! Today they are distributing emergency food boxes to our neighbors who are experiencing food insecurity due to the COVID-1…",,,#fb,1266989119164551169,https://twitter.com/HenrysLocks/status/1266989119164551169
2020-05-31 07:02:04,JeffHReynolds,,1,0,0,"Gotta Luv It !! :) Texas Supreme Court: Lack of immunity to COVID-19 alone not enough to vote by mail ",,,,1266988298905563138,https://twitter.com/JeffHReynolds/status/1266988298905563138
2020-05-31 06:31:12,cmerfy,JudgeClayJ,0,0,0," 5 more deaths in #DallasCounty yesterday. Details here in Judge Jenkins' photos. Don't relax about this, please, even though other news is more captivating. #Dallas #Texas #DFW #Sunday #COVID__19 #WearAMask #StayHomeStaySafe if you possibly can. #WeAreInThisTogether",,,#DallasCounty #Dallas #Texas #DFW #Sunday #COVID__19 #WearAMask #StayHomeStaySafe #WeAreInThisTogether,1266980529246699526,https://twitter.com/cmerfy/status/1266980529246699526
2020-05-31 06:30:35,trinady05,ChelseaCirruzzo,1,62,45,"For those in Texas, here's a map for COVID-19 testing sites: https://txdps.maps.arcgis.com/apps/webappviewer/index.html?id=8bf7c6a436a64bfe9a5ce25be580e4ff",,,,1266980374367830016,https://twitter.com/trinady05/status/1266980374367830016
2020-05-31 06:30:05,NBCNews,,47,188,402,"A woman in Texas is facing charges after being seen using a hammer to threaten Dr. Lia Franco, a medical resident treating COVID-19 patients, and her husband during a profanity-laced rant in Houston. ",,,,1266980250811949056,https://twitter.com/NBCNews/status/1266980250811949056
2020-05-31 06:22:53,kizu91,,0,0,0,"Texas...US...Governor...Send...15...Officer...George Floyd...Protest...Venezuela...Ease...COVID-19...Lockdown...Protester...Beat...Up...Old...Man...Salt Lake City...Pull...Bow...Block...Street...Toronto...Canada...Regis...Ukraine...Eritrea...Namibia...Bangladesh...Sierra Leone...",,,,1266978439585689602,https://twitter.com/kizu91/status/1266978439585689602
2020-05-31 06:05:01,saintcedes,,0,0,2,"Texas summers are no joke. I really hope this goes TF away soon. I’m nervous about health from COVID to heat stroke for my Texas protestors as we sustain this momentum.",,,,1266973939793825795,https://twitter.com/saintcedes/status/1266973939793825795
2020-05-31 05:57:51,Mikael000011,The_RubyRose,1,0,0,"I mean, Quebec gets into weird, almost libertarian stuff, while Ontario... well, we're more like Texas in the loud and obnoxious way. But did you see what the Alberta's energy minister's take was on COVID-19?",,,,1266972137035874304,https://twitter.com/Mikael000011/status/1266972137035874304
2020-05-31 05:50:18,DaveDiazTX,,0,1,1,"Well, the B-man did it! He is an official graduating member of the COVID class of . Never imaged he'd be graduating in a back parking lot. Incredibly proud of this guy. Lots of things to be proud of. Now it's off to Texas A&amp;M!! ",,,,1266970239075602435,https://twitter.com/DaveDiazTX/status/1266970239075602435
2020-05-31 05:48:58,PulpNews,,0,0,0,"COVID-19 cases rise by 2% in #Texas - May 31 @1:47 AM ET https://oddcrimes.com/static/2020/05/31/COVID-19-cases-rise-by-2-percent-in-Texas.php",,,#Texas,1266969903443165186,https://twitter.com/PulpNews/status/1266969903443165186
2020-05-31 05:44:19,andrea_sm,,0,0,1,"How is New York and Michigan doing? Are Texas and Florida stricken with COVID?!",,,,1266968731030188035,https://twitter.com/andrea_sm/status/1266968731030188035
2020-05-31 05:38:47,PaulBarca3,Corrynmb,0,0,0,"Your right Corryn. Be safe,,I'm here in Florida to. This is beyond ridiculous. I was all set to go back to the Texas Border and do what I do, Then Covid 19 hits, just as it was passing I'm getting ready for Texas again, n now this Staged Race riot crap starts.",,,,1266967339918143489,https://twitter.com/PaulBarca3/status/1266967339918143489
2020-05-31 05:33:33,m7admit,,0,0,0,"ALPINE Sul Ross State University is among 16 Texas public universities that will receive student emergency grant funding in aiding efforts in the COVID-19 response. #wharton https://www.oaoa.com/community/good_news/article_d14727aa-a1d2-11ea-897f-ef1b20fcffe9.html",,,#wharton,1266966023938457601,https://twitter.com/m7admit/status/1266966023938457601
2020-05-31 05:30:57,DMasonWest,ScenarioLENS,0,0,0,"I'm in Texas, which won't legalize pot like for another century, so it's kind of precious. Soon as I can, I'm moving to Colorado (legal there) for a bit before traveling. Covid-19 may change all these plans.",,,,1266965367794085888,https://twitter.com/DMasonWest/status/1266965367794085888
2020-05-31 05:29:46,little_lionmane,,1,0,11,"but can we talk about how Texas was one of the first states to reopen but had no means to fully give the resources to combat COVID-19 to predominantly minority neighborhoods in the cities (which unfortunately are the areas that are most vulnerable)",,,,1266965070606671878,https://twitter.com/little_lionmane/status/1266965070606671878
2020-05-31 05:26:59,GlobalPandemics,,0,0,0,"COVID-ALERT: Texas counties may have fewer COVID-19 cases, but less tests - Global Pandemic News | #Coronavirus #COVID19 - https://globalpandemic.net/news/texas-counties-may-have-fewer-covid-19-cases-but-lesstests/",,,#Coronavirus #COVID19,1266964367947554816,https://twitter.com/GlobalPandemics/status/1266964367947554816
2020-05-31 05:25:33,MikeShoag,Mp3359,0,0,0,"Ugh, just checked and sadly you and I were right. By not reporting Covid cases on weekends, you get a spike during the week. Record high covid cases diagnosed on Wed. of last week in Texas.... but hey, at least Covid takes the weekends off. ",,,,1266964008562831360,https://twitter.com/MikeShoag/status/1266964008562831360
2020-05-31 05:19:13,JeffMYau,_lukeott,0,5,6,"Y’all. This is happening during a simmering pandemic. A PANDEMIC. Hospitals @TXMedCenter and elsewhere in Houston, Texas, and around America need to prepare for an inevitable #Covid_19 surge that will be exacerbated by the protests #BLACK_LIVES_MATTER #JusticeForGeorgeFloyd",,@TXMedCenter,#Covid_19 #BLACK_LIVES_MATTER #JusticeForGeorgeFloyd,1266962414576316416,https://twitter.com/JeffMYau/status/1266962414576316416
2020-05-31 05:18:03,ThomasVerstynen,NolteNC,0,0,0,"Yes, I remember places like South Dakota, Michigan, Wisconsin, Pennsylvania, Tennessee and Texas all being able to avoid COVID. It makes sense if you give it absolutely no thought whatsoever. ",,,,1266962122002427904,https://twitter.com/ThomasVerstynen/status/1266962122002427904
2020-05-31 05:16:53,MikeShoag,JayDubbTX,0,0,0,"What was it you were saying about trend lines for Texas Covid cases going down? Record new cases found in Texas on Wed. Good luck Texas (good luck all of us). ",,,,1266961828728446976,https://twitter.com/MikeShoag/status/1266961828728446976
2020-05-31 05:12:12,HomezJessica,_CivilDiscourse,1,0,1,"Lol republicans states are low on covid cases bc they are shitty states. No one wants to leave their country to come visit a crappy part of the country. I rarely see anyone flying in to come see Texas.",,,,1266960651127226369,https://twitter.com/HomezJessica/status/1266960651127226369
2020-05-31 05:05:21,heycarls,,0,0,7,"Hoy atendí a un paciente de Dallas-Texas y me dijo que la cosa estaba fea, yo asumiendo que era el covid-19.",,,,1266958925250924544,https://twitter.com/heycarls/status/1266958925250924544
2020-05-31 04:46:10,wickama,,0,0,6,"COVID: ""Njaa haina baunsa"" Hii ilikuwa ""foleni"" (ya kitajiri) kusubiria chakula (msaada/kununua) mjini San Antonio, Texas (USA) Tar. 9 April. Inahofiwa COVID inaweza zaa njaa/upungufu wa chakula kwa nchi nyingi (https://www.theguardian.com/us-news/2020/apr/17/us-food-banks-over-budget-demand-coronavirus) (Pic: William Luther/AP)",,,,1266954098798182400,https://twitter.com/wickama/status/1266954098798182400
2020-05-31 04:44:10,TreyGraves2,redsteeze,0,0,0,"“Should there be a spike, “ Forget the riots. I was already of the opinion we are through Covid. Since the models are useless, Texas and other states ran the experiment starting 3 weeks ago. So far so good. Thanks to the riots, we’ve doubled down on the Covid experiments. ",,,,1266953593766150144,https://twitter.com/TreyGraves2/status/1266953593766150144
2020-05-31 04:38:54,obeekhan,aakasharje,1,0,0,"Cab anybody please confirm this if this was recently happened in #Texas. Further, was same thing happened in #Saudia too? #crows #crowsattack #COVID19Pakistan #Covid_19 #Locust #LocustAttack #USA #KSA",,,#Texas #Saudia #crows #crowsattack #COVID19Pakistan #Covid_19 #Locust #LocustAttack #USA #KSA,1266952269561462784,https://twitter.com/obeekhan/status/1266952269561462784
2020-05-31 04:34:46,ChadderboxVO,askforabigail,1,0,2,"Hey there! Me and my wife are currently selling our house and moving to texas, by currently I mean in the middle of the several month process so well be there....hopefully before next year. Covid kinda pushed the schedule to the right a lot.",,,,1266951228199583744,https://twitter.com/ChadderboxVO/status/1266951228199583744
2020-05-31 04:31:41,TXCty15,jeffsekerak,1,0,2,"Five people held a man down and force Covid tested on a guy in Texas. He fought like hell, but lost.",,,,1266950451225931777,https://twitter.com/TXCty15/status/1266950451225931777
2020-05-31 04:11:36,angelinamarie77,filtrjikoo,1,0,0,"What about the hate crimes that have sparked to asians about covid, what about the Holocaust, what about the shooting in Texas at a Walmart that killed Mexicans. That dude admitted he hated Mexicans. What about native Americans huh? Racism exists in all races.",,,,1266945400818167808,https://twitter.com/angelinamarie77/status/1266945400818167808
2020-05-31 04:06:44,Jcadvamlier,Nobody8675309x,0,0,0,"This was in 2019. In Texas. ",,,,1266944172491145216,https://twitter.com/Jcadvamlier/status/1266944172491145216
2020-05-31 03:38:24,jtamezpena,,0,1,1,"#COVID_19 Texas take care of yourself. The death rate in Dallas and Houston is trending up: #StayHomeSaveLifes. Check other US counties at: https://rpubs.com/J_Tamez/COVID_19_Peaks_US",,,#COVID_19 #StayHomeSaveLifes,1266937045315919872,https://twitter.com/jtamezpena/status/1266937045315919872
2020-05-31 03:38:16,jmortiz0779,RamonAlbertoRi2,1,1,0,"@wandavazquezg los tiene controlado con el toque de queda del COVID-19.... Preocupate tu que en Texas hay protestas.",,@wandavazquezg,,1266937012482977793,https://twitter.com/jmortiz0779/status/1266937012482977793
2020-05-31 03:36:49,desototx,,0,0,0,"MAY 30TH: COVID-19 INFO FROM DALLAS COUNTY, STATE OF TEXAS, &amp; FIRE DEPT NURSING HOME TESTING EFFORT https://nextdoor.com/city/post/149943773 via @Nextdoor",,@Nextdoor,,1266936647343640577,https://twitter.com/desototx/status/1266936647343640577
2020-05-31 03:35:04,RosannaEvangel1,JackPosobiec,0,1,5,".@GovAbbott clearly no social distancing in #DallasProtests ! These #COVID restrictions only hurt decent law abiding citizens and businesses! End the hypocrisy and fully #reopen Texas now!",,@GovAbbott,#DallasProtests #COVID #reopen,1266936205473701889,https://twitter.com/RosannaEvangel1/status/1266936205473701889
2020-05-31 03:31:11,alanrknight74,michellemalkin,0,0,1,"Through this whole thing, through the crisis, through COVID-19, sat back and watched. Tomorrow I will go out and buy ammunition. We will keep our families safe. That’s most important. Let thugs come. Kingwood Texas We will not allow any to be brutalized. #MAGA",,,#MAGA,1266935228993548289,https://twitter.com/alanrknight74/status/1266935228993548289
2020-05-31 03:26:01,GroupZirigoza,,0,0,0," La Corte Suprema de Texas dice que falta de inmunidad a covid-19 no es excusa para votar por correo - The Dallas Morning News https://buff.ly/2ZLf774 #Medical #GroupZirigoza",,,#Medical #GroupZirigoza,1266933927224147968,https://twitter.com/GroupZirigoza/status/1266933927224147968
2020-05-31 03:10:35,Guyon_FIRE,,7,2,11,"This is a long shot - but does anyone have their own plane? Or know someone. Friend of a friend is sick w/ cancer Was just accepted into a treatment program & needs to get from WV to Austin, Texas. 2 sick 2 make the drive &amp; Covid prevents flying commercial. Will pay 4 cost",,,,1266930042040274947,https://twitter.com/Guyon_FIRE/status/1266930042040274947
2020-05-31 03:03:48,jhpodesta,NailSalonLawyer,0,0,0,"As a lawyer you know the difference between anecdotal and a correlation? Highest covid in more densely populated, wealthier areas who tend to travel to Italy and China. Not alot of that in rural Alabama, I'd guess, or rural Texas.",,,,1266928338628521987,https://twitter.com/jhpodesta/status/1266928338628521987
2020-05-31 02:55:24,redheart1900,,0,0,0,"O no quieren reportar mucha informacion. el Depto. de salud de texas dice que Harris tiene 12,009 casos de covid, con un aumento de ayer para hoy de 239 casos nuevos. ",,,,1266926220958224384,https://twitter.com/redheart1900/status/1266926220958224384
2020-05-31 02:51:17,IsmailiInfo,,0,0,0,"For Sofia Babool, a 20-year-old sophomore studying neuroscience at the University of Texas at Dallas, conversation in recent weeks has centered around Covid-19. ",,,,1266925186739105792,https://twitter.com/IsmailiInfo/status/1266925186739105792
2020-05-31 02:50:07,HPLotus,,0,0,1,"I supported Feeding Texas and their efforts to ensure healthy food to those impacted by COVID-19 and the financial fallout.",,,,1266924893884633089,https://twitter.com/HPLotus/status/1266924893884633089
2020-05-31 02:48:01,redheart1900,,1,0,0,"J Hopkins U. dice que el Estado de Texas tenemos 62,675 casos de covid19. Y de ayer para hoy 1,774 casos nuevos. Googles News dice que hay 54,509 casos de covid19, con un aumento de 0 casos de covid. como que no estan tomando en cuenta este dato pues ya tenemos muchos dias. ",,,,1266924364013936640,https://twitter.com/redheart1900/status/1266924364013936640
2020-05-31 02:39:48,ShareMiracle,ShareMiracle,1,0,1,"You’d be much safer here in Texas and I am looking at opening a music and comedy venue once the Covid craze subsides this summer.",,,,1266922295823564800,https://twitter.com/ShareMiracle/status/1266922295823564800
2020-05-31 02:28:53,RickieBansbach,,0,0,0,"Texas starts to open back up. 'You've yee'd your last haw."" . . . #coronavirusmeme #Supernaturalmeme #SPNmeme #DeanWinchester #coronavirus #covid_19 #Covid19 #Texas #TX #itstoosoon #covidiots https://www.instagram.com/p/CA1eK6KDrCN/?igshid=17r81i5cvhl5b",,,#coronavirusmeme #Supernaturalmeme #SPNmeme #DeanWinchester #coronavirus #covid_19 #Covid19 #Texas #TX #itstoosoon #covidiots,1266919551251316737,https://twitter.com/RickieBansbach/status/1266919551251316737
2020-05-31 02:22:48,mcquadetx,,1,0,8,"So good to be back at @lubys a full crew tending the line, waitresses tending to guests and the food was as yummy as I remember. #COVID #texas #openforbusiness #supportsmallbusiness #mcquade",,@lubys,#COVID #texas #openforbusiness #supportsmallbusiness #mcquade,1266918016668835843,https://twitter.com/mcquadetx/status/1266918016668835843
2020-05-31 02:18:55,blackandblueat1,,0,1,0,"Your Saturday night #COVID league baseball scores, brought to you by @blackandblueat1. #baseball #fantasy #Oakland #Texas #Atlanta #Seattle #beer #coronavirus #FantasyBaseball #batter #walk #homerun",,@blackandblueat1,#COVID #baseball #fantasy #Oakland #Texas #Atlanta #Seattle #beer #coronavirus #FantasyBaseball #batter #walk #homerun,1266917039622574083,https://twitter.com/blackandblueat1/status/1266917039622574083
2020-05-31 02:15:59,Chugarz,realDonaldTrump,0,1,1,"Outstanding. Barr just placed the burden on state government to control the riots and if they can’t for whatever reason, in comes the cavalry. Call the ball, @realDonaldTrump !!!! #riots2020 #Texas #texasriots Who else thinks those prisoners released bc of COVID were recruited?? ",,@realDonaldTrump,#riots2020 #Texas #texasriots,1266916304780431360,https://twitter.com/Chugarz/status/1266916304780431360
2020-05-31 02:13:59,jteague764,,0,0,0,"The COVID 'Spike' in Reopened Texas: CNN Gets It Wrong https://www.realclearpolitics.com/articles/2020/05/19/the_covid_spike_in_reopened_texas_cnn_gets_it_wrong_143239.html Statistically it is probable that CNN will be lying if they are talking about C-19 or President Trump.",,,,1266915798544789507,https://twitter.com/jteague764/status/1266915798544789507
2020-05-31 02:13:57,MikeTinnon,,0,0,0,"Sunset - Saturday, May 30, 2020 - 2+ months into COVID-19 @San Antonio, Texas https://www.instagram.com/p/CA1cdfHnvS9/?igshid=4v3vfmne1z4a",,,,1266915793029259264,https://twitter.com/MikeTinnon/status/1266915793029259264
2020-05-31 02:12:50,v_yancey,,0,0,1,"Texas now has the 7th most reported COVID-19 cases in the United States. And the 28th was the highest reported spike in cases and trending upward. Ain't that a fucking Peach?! https://www.worldometers.info/coronavirus/country/us/",,,,1266915512463785985,https://twitter.com/v_yancey/status/1266915512463785985
2020-05-31 02:12:44,RobinEnochs,FOX26Houston,0,0,11,"#GodBlessTexas and our Texas Air&amp;Army National Guardmembers. We've still got over 4,000 TX Guard working on COVID orders, testing nursing homes and exposed and symptomatic individuals. ",,,#GodBlessTexas,1266915485594955781,https://twitter.com/RobinEnochs/status/1266915485594955781
2020-05-31 02:05:49,dopa1120,,0,0,0,"Well, @texas, not sure I like the trajectory of the last few days...https://bit.ly/2MaUHfE #COVID ",,@texas,#COVID,1266913745302884352,https://twitter.com/dopa1120/status/1266913745302884352
2020-05-31 02:00:58,IKneeltoJesus,songlibah,0,0,0,"Texas has about 30 million people. Covid-19 death rate not even in the top 10 death causes for Texas. 1600 is 1/3rd number who would normally die from accidents by this time of the year. https://www.cdc.gov/nchs/pressroom/states/texas/texas.htm",,,,1266912522281467905,https://twitter.com/IKneeltoJesus/status/1266912522281467905
2020-05-31 02:00:02,LarryHuch,,0,9,18,"In partnership with The White House, Larry Huch Ministries New Beginnings Church is serving the Texas Metroplex hub for the USDA Farmers to Families Food Box program. This Covid-19 relief project supports food distribution to those in need. ",,,,1266912288075771904,https://twitter.com/LarryHuch/status/1266912288075771904
2020-05-31 01:58:58,hitt_mary,ExorcistBishop,1,0,1,"Although churches have reopened in Texas with certain restrictions, my church is closed because a priest died of COVID 19, and several priest are A-Symptomstic. Looking forward to the liturgy.",,,,1266912021884342273,https://twitter.com/hitt_mary/status/1266912021884342273
2020-05-31 01:42:55,TerrieCecil,JudgeClayJ,0,0,0,"I guess you don’t have much to talk about since Opening Texas new Covid 19 cases have decreased, people hospitalized for Covid 19 has decreased, as well as deaths. Of course you wouldn’t say anything positive about that and actually care that less people are infected and dying!",,,,1266907979997155330,https://twitter.com/TerrieCecil/status/1266907979997155330
2020-05-31 01:40:25,KeriSprung,,0,0,0,"PerfCon 2020 Live Broadcast from the @Texas_Heart Institute June 5-6 https://www.texasheart.org/education/school-of-perfusion-technology/conference/ #perfusion #covid #ecmo #ceu",,@Texas_Heart,#perfusion #covid #ecmo #ceu,1266907351568855045,https://twitter.com/KeriSprung/status/1266907351568855045
2020-05-31 01:37:40,CellierGomez,,1,1,4,"COVID has not magically disappeared. Texas reported 31 deaths with 1,336 new cases. ",,,,1266906659642920962,https://twitter.com/CellierGomez/status/1266906659642920962
2020-05-31 01:32:32,inJusticeTroll,JohnCornyn,0,1,1,"No we are Not! My county had its highest single day total of new #COVID cases and is now at an all-time high in total ACTIVE cases. #Texas also had its highest single day of NEW cases just the day before. @GovAbbott @GregAbbott_TX @SenTedCruz @JohnCornyn @DanCrenshawTX",,@GovAbbott @GregAbbott_TX @SenTedCruz @JohnCornyn @DanCrenshawTX,#COVID #Texas,1266905368241811458,https://twitter.com/inJusticeTroll/status/1266905368241811458
2020-05-31 01:30:28,dudefrommpls,panndder,0,0,0,"I snooped around bloomingorn hotels and saw a ton of out of state plates. Is that normal during covid 19?? It could be. I took a bunch of pics. A common theme was michigan, illinios, Texas, Colorado",,,,1266904846520717312,https://twitter.com/dudefrommpls/status/1266904846520717312
2020-05-31 01:26:38,h24news_us,,0,0,0,"The Texas Supreme Court has blocked an effort by Democrats in the state to expand voting by mail, ruling that lack of immunity to COVID-19 does not qualify a person to apply for a mail-in ballot ",,,,1266903883063996417,https://twitter.com/h24news_us/status/1266903883063996417
2020-05-31 01:16:10,vviramontes,,0,0,0,"Question did Greg Abbott deployed the national guard during covid? #texas",,,#texas,1266901250232266754,https://twitter.com/vviramontes/status/1266901250232266754
2020-05-31 01:11:41,ThatCalGuy,,0,1,0,"The local NAACP branch for Killeen Texas will not be at the May 31st protest, citing COVID-19 concerns. https://kdhnews.com/news/breaking/protest-over-george-floyd-planned-for-killeen-sunday-night/article_88b98c32-a2c5-11ea-a302-d7a8841f4867.html#utm_campaign=blox&amp;utm_source=twitter&amp;utm_medium=social #Killeen #CentralTexas #CenTex",,,#Killeen #CentralTexas #CenTex,1266900123143077889,https://twitter.com/ThatCalGuy/status/1266900123143077889
2020-05-31 01:01:07,kfxkfox51,,0,0,0,"COVID-19 IN EAST TEXAS: Nacogdoches and Wood Counties have suffered new deaths due to COVID-19. East Texas has more than 2,800 cases.https://bit.ly/2TWaymz?utm_medium=social&amp;utm_source=twitter_kfxkfox51",,,,1266897463455232000,https://twitter.com/kfxkfox51/status/1266897463455232000
2020-05-31 01:00:01,KETK,,0,0,0,"COVID-19 IN EAST TEXAS: Nacogdoches and Wood Counties have suffered new deaths due to COVID-19. East Texas has more than 2,800 cases. https://bit.ly/2TWaymz?utm_medium=social&amp;utm_source=twitter_KETK",,,,1266897186895216640,https://twitter.com/KETK/status/1266897186895216640
2020-05-31 00:47:36,TpawsNoKill,,0,0,4,"Thundering Paws received a Rachael Ray Save Them All COVID-19 Relief Grant from @bestfriends! These funds will help us save lives through our fostering program during this trying time. Thank you for supporting our lifesaving work in Central Texas! ",,@bestfriends,,1266894060503158789,https://twitter.com/TpawsNoKill/status/1266894060503158789
2020-05-31 00:41:14,Jake71434669,,0,1,0,"https://www.spreadshirt.ca/shop/design/trident+braking+water+mens+5050+t-shirt-D5ed1b9d7f9376468c5833066?sellable=aZxyjqQe22I1Dd9vqJEv-1197-7 #Covid_19 #usa #Canada #canadapost #Mexico #Texans #Texas #uk #lovense #lovelive #MovieNightKE #Netflix #shopping #shoppingstar #girl #girls #BoysLove #fashoin #BLACKPINK #BOTD #LISA #lancenet #UnitedKingdom #shoppingonline #GirlsOfTwitter",,,#Covid_19 #usa #Canada #canadapost #Mexico #Texans #Texas #uk #lovense #lovelive #MovieNightKE #Netflix #shopping #shoppingstar #girl #girls #BoysLove #fashoin #BLACKPINK #BLACKPINK #BOTD #LISA #LISA #lancenet #UnitedKingdom #shoppingonline #GirlsOfTwitter,1266892457985355780,https://twitter.com/Jake71434669/status/1266892457985355780
2020-05-31 00:37:00,TexasObserver,,1,2,7,"""Now we're just working with this unprecedented state usurpation of local control, trying to keep people safe as best we can,"" says @JudgeClayJ, as Governor Greg Abbott reopens Texas amid the COVID-19 pandemic. ",,@JudgeClayJ,,1266891392137101312,https://twitter.com/TexasObserver/status/1266891392137101312
2020-05-31 00:31:50,JerryHigdon97,shashigette,0,0,1,"Went out for dinner last night here in Texas. People were very responsible with distancing . The wait staff was amazing. The parking lot was full. I follow our state’s Covid stats religiously. Trends are stable to downward. We can do this.",,,,1266890093152866305,https://twitter.com/JerryHigdon97/status/1266890093152866305
2020-05-31 00:29:04,kytxcbs19,,0,1,1,"BREAKING: There are now more than 3,000 confirmed cases of COVID-19 in East Texas. ",,,,1266889397380812802,https://twitter.com/kytxcbs19/status/1266889397380812802
2020-05-31 00:23:12,wAHwAHwEEHwAH,texas_yeti,0,0,0,"And the horse is to blame for Covid. Idiot.",,,,1266887919492530177,https://twitter.com/wAHwAHwEEHwAH/status/1266887919492530177
2020-05-31 00:13:19,JanineATurner,,0,2,0,"Wow! Look at these numbers! Texas has 6 COVID-19 deaths from February 1- March 28. Pneumonia deaths 1825! Florida C-19 deaths 38, pneumonia deaths 1,899! My God! Tennessee 0 C-19, pneumonia 715!",,,,1266885434082095105,https://twitter.com/JanineATurner/status/1266885434082095105
2020-05-31 00:07:08,BillReyno,,0,0,0,"Dallas County Judge Clay Jenkins on Battling COVID-19, and the Governor, as Texas Reopens https://www.texasobserver.org/dallas-county-judge-clay-jenkins-on-battling-covid-19-and-the-governor-as-texas-reopens/",,,,1266883878578524160,https://twitter.com/BillReyno/status/1266883878578524160
2020-05-31 00:04:09,tbrunnet,CindyCoops,2,0,0,"I'm sorry I'm in Texas.. and oh yes they fucking did",,,,1266883126099349508,https://twitter.com/tbrunnet/status/1266883126099349508
2020-05-31 00:02:38,teamvandi2009,Pink_About_it,0,0,0,"No spikes in Texas and I had dinner in a totally filled up restaurant. Probably since covid 19 had 18 predecessors we got used to it quickly. Damn China viruses",,,,1266882746539892736,https://twitter.com/teamvandi2009/status/1266882746539892736
2020-05-31 00:00:38,SpecialTimeAcad,,0,0,0,"The Peanut Gallery Preschool in Texas is closed for now, as several people test positive for COVID-19. Its parent company has closed both their locations. Hopefully this won'thave to become a growing trend as the country re-opens! ",,,,1266882239721283584,https://twitter.com/SpecialTimeAcad/status/1266882239721283584
2020-05-31 00:00:26,acohn98,MattMackowiak,0,0,0,"Texas is also in the bottom 5 of tests per capita. It’s hard to diagnose Covid, if you dont test for it.",,,,1266882192711524353,https://twitter.com/acohn98/status/1266882192711524353
